-- phpMyAdmin SQL Dump
-- version 4.7.4
-- https://www.phpmyadmin.net/
--
-- Host: 127.0.0.1
-- Generation Time: Mar 11, 2018 at 08:24 AM
-- Server version: 10.1.30-MariaDB
-- PHP Version: 7.0.27

SET SQL_MODE = "NO_AUTO_VALUE_ON_ZERO";
SET AUTOCOMMIT = 0;
START TRANSACTION;
SET time_zone = "+00:00";


/*!40101 SET @OLD_CHARACTER_SET_CLIENT=@@CHARACTER_SET_CLIENT */;
/*!40101 SET @OLD_CHARACTER_SET_RESULTS=@@CHARACTER_SET_RESULTS */;
/*!40101 SET @OLD_COLLATION_CONNECTION=@@COLLATION_CONNECTION */;
/*!40101 SET NAMES utf8mb4 */;

--
-- Database: `aplikasi_pos2`
--

-- --------------------------------------------------------

--
-- Table structure for table `barang`
--

CREATE TABLE `barang` (
  `id_barang` int(11) NOT NULL,
  `id_produsen` int(11) NOT NULL,
  `nama_barang` varchar(100) NOT NULL,
  `stok_barang` int(11) NOT NULL,
  `harga_jual` double NOT NULL,
  `harga_beli` double NOT NULL,
  `created` datetime NOT NULL
) ENGINE=InnoDB DEFAULT CHARSET=latin1;

--
-- Dumping data for table `barang`
--

INSERT INTO `barang` (`id_barang`, `id_produsen`, `nama_barang`, `stok_barang`, `harga_jual`, `harga_beli`, `created`) VALUES
(1, 0, 'Effer-K', 20, 4178, 1345, '2017-03-08 04:31:28'),
(2, 0, 'Amiodarone hydrochloride', -4, 3094, 3424, '2018-02-17 21:26:28'),
(3, 0, 'Meloxicam', 33, 3123, 4294, '2017-04-09 15:56:52'),
(4, 0, 'GUNA-DIGEST', 33, 4582, 3131, '2017-12-04 23:21:14'),
(5, 0, 'Baclofen', 38, 3698, 3045, '2017-10-12 14:33:44'),
(6, 0, 'Sugar Free Cherry Fishermans Friend Menthol Cough Suppressant', 4, 1865, 2970, '2017-10-16 23:39:18'),
(7, 0, 'ARNICA MONTANA', 39, 1922, 4979, '2017-05-07 19:09:33'),
(8, 0, 'Perphenazine', 22, 1470, 3801, '2017-09-01 01:43:18'),
(9, 0, 'Muscle Rub', 18, 4447, 2867, '2017-10-05 02:54:15'),
(10, 0, 'Hydroxyzine Hydrochloride', 29, 4750, 4006, '2018-02-19 02:19:12'),
(11, 0, 'BETULA LENTA POLLEN', 34, 3736, 1834, '2017-10-12 19:34:37'),
(12, 0, 'Clindamycin Hydrochloride', 43, 1071, 4424, '2017-12-20 06:06:13'),
(13, 0, 'Bacitracin Zinc', 39, 1785, 3255, '2017-12-31 12:05:47'),
(14, 0, 'Antiseptic', 46, 1329, 4968, '2017-08-20 15:06:16'),
(15, 0, 'Metoclopramide', 42, 3330, 2759, '2017-05-10 19:13:56'),
(16, 0, 'Avon Sun', 30, 2509, 1720, '2017-11-11 14:33:17'),
(17, 0, 'Sivil 40 (Number 24)', 25, 2407, 2729, '2017-11-28 05:17:34'),
(18, 0, 'Rite Aid Extra Strength Pain Relief Cold and Hot Medicated', -11, 4311, 4773, '2017-07-26 10:32:32'),
(19, 0, 'Snow Skin Sunscreen Lip Balm', 48, 1567, 2833, '2018-02-11 22:01:58'),
(20, 0, 'VYTORIN', 7, 2223, 4630, '2017-06-13 01:39:37'),
(21, 0, 'Ibuprofen', 28, 1135, 3900, '2017-05-04 11:44:14'),
(22, 0, 'Morphine Sulfate', 31, 2508, 3683, '2017-06-18 16:18:09'),
(23, 0, 'Amitriptyline Hydrochloride', 26, 1442, 3639, '2018-02-11 06:35:29'),
(24, 0, 'Crusader Skin Lightening', 43, 1950, 3209, '2017-10-10 03:09:11'),
(25, 0, 'Inflammation OTC', 44, 3491, 2008, '2018-02-16 10:09:10'),
(26, 0, 'Ciprofloxacin', 39, 1346, 3869, '2017-05-29 00:41:07'),
(27, 0, 'Sodium Fluoride', 22, 3897, 2028, '2017-04-25 21:46:17'),
(28, 0, 'Clonazepam', 43, 4476, 2404, '2017-11-11 23:28:51'),
(29, 0, 'Dicyclomine Hydrochloride', 35, 2467, 4122, '2018-02-06 03:59:05'),
(30, 0, 'Megace ES', 37, 1495, 3639, '2018-02-10 00:37:40'),
(31, 0, 'Sprintec', 44, 2814, 1250, '2017-03-28 10:33:15'),
(32, 0, 'Saccharomyces', 41, 1114, 2870, '2017-11-19 04:45:05'),
(33, 0, 'Impact Fix Prism Two Way Cake', 21, 2046, 2425, '2017-07-11 13:13:31'),
(34, 0, 'Multi-Vitamin', 43, 3067, 1507, '2017-09-05 17:56:04'),
(35, 0, 'Adenosine', 38, 2531, 1300, '2017-11-01 12:15:15'),
(36, 0, 'Entex T', 23, 1654, 1297, '2017-04-29 13:31:54'),
(37, 0, 'Sinus Congestion and Pain', 47, 4934, 4800, '2018-01-11 19:25:57'),
(38, 0, 'Neutrogena Ageless Intensive Anti-Wrinkle', 50, 3820, 3919, '2017-03-26 05:48:59'),
(39, 0, 'Extra Strength Pain Relief', 46, 2765, 3679, '2017-10-15 10:07:51'),
(40, 0, 'Banana Boat Kids Tear Free Sunscreen SPF 60', 49, 1537, 4398, '2017-05-29 18:30:49'),
(41, 0, 'PULMICORT', 47, 2475, 3902, '2017-04-27 02:24:00'),
(42, 0, 'Trezix', 40, 3699, 4011, '2018-02-13 16:25:30'),
(43, 0, 'DiorSkin Nude 050 Dark Beige', 31, 4194, 4249, '2018-01-13 02:30:13'),
(44, 0, 'Dextrose and Sodium Chloride', 44, 2177, 3489, '2017-06-06 09:02:47'),
(45, 0, 'Tizanidine', 38, 1163, 1865, '2017-08-04 17:28:21'),
(46, 0, 'Standardized Mite, Dermatophagoides pteronyssinus', 28, 4330, 2418, '2018-02-22 04:04:45'),
(47, 0, 'DELFLEX', 31, 2523, 1421, '2017-12-30 23:13:39'),
(48, 0, 'Pain and Fever', 22, 4617, 2480, '2017-07-12 16:15:34'),
(49, 0, 'Aurodex', 48, 3889, 2462, '2017-05-29 11:59:30'),
(50, 0, 'EQUATE', 23, 3097, 1135, '2017-11-20 17:23:53'),
(51, 0, 'Nasal Catarrh', 30, 2103, 3115, '2017-10-30 23:55:05'),
(52, 0, 'Mulberry', 39, 3779, 4378, '2017-09-08 17:30:17'),
(53, 0, 'Oxalis 20', 35, 3370, 2100, '2017-07-31 04:54:43'),
(54, 0, 'Neomycin Sulfate', 45, 4537, 3448, '2017-06-09 12:05:01'),
(55, 0, 'Joint Pain', 20, 3209, 3571, '2017-09-06 08:50:09'),
(56, 0, 'GAVISCON', 31, 3545, 3777, '2017-05-26 10:22:56'),
(57, 0, 'FACE VALUES TRIPLE ANTIBIOTIC', 15, 1133, 4722, '2017-08-25 18:46:26'),
(58, 0, 'Phentermine Hydrochloride', 44, 4904, 3134, '2017-05-27 22:23:00'),
(59, 0, 'Cefadroxil', 23, 1501, 4532, '2017-10-26 03:37:33'),
(60, 0, 'Pamidronate Disodium', 47, 2869, 4498, '2018-02-24 14:44:35'),
(61, 0, 'IMARI Mystique', 39, 2628, 1331, '2018-02-05 17:05:21'),
(62, 0, 'LIDOCAINE', 29, 1130, 4569, '2017-06-24 05:42:58'),
(63, 0, 'Rivastigmine Tartrate', 23, 1672, 2799, '2017-09-29 16:36:45'),
(64, 0, 'Oxalis Belladonna Special Order', 21, 4796, 3171, '2017-12-08 11:21:05'),
(65, 0, 'Transderm Scop', 35, 3526, 2747, '2017-07-11 11:30:28'),
(66, 0, 'Esomeprazole strontium', 48, 2525, 4239, '2017-10-12 18:47:43'),
(67, 0, 'Anecream', 46, 2079, 4817, '2017-05-27 20:10:34'),
(68, 0, 'Divalproex Sodium', 41, 2015, 4533, '2017-09-15 12:04:34'),
(69, 0, 'SUN Tinted Solar Defense Organic SPF 30', 24, 4538, 3060, '2018-01-21 21:07:04'),
(70, 0, 'Clobetasol Propionate', 37, 2556, 4373, '2017-05-28 13:09:04'),
(71, 0, 'Doxycycline Hyclate', 49, 4428, 3164, '2018-01-06 15:44:19'),
(72, 0, 'Health Mart Castor Oil', 50, 4197, 3757, '2017-09-14 14:39:45'),
(73, 0, 'Arnicare Trauma', 50, 4063, 3111, '2017-04-28 21:42:15'),
(74, 0, 'Fenofibrate', 29, 4218, 3425, '2018-01-02 09:03:51'),
(75, 0, 'GILTUSS TOTAL RELEASE', 39, 2819, 1079, '2017-06-12 01:56:23'),
(76, 0, 'Felodipine', 34, 4770, 3561, '2017-12-08 05:42:24'),
(77, 0, 'Epidermophyton', 33, 3001, 2448, '2017-04-13 04:44:59'),
(78, 0, 'Seroquel', 40, 3237, 1933, '2018-02-04 20:04:00'),
(79, 0, 'FIRE ANT', 49, 3538, 2167, '2018-01-01 10:00:04'),
(80, 0, 'Aptivus', 27, 1726, 1029, '2017-04-04 04:45:32'),
(81, 0, 'Ursodiol', 32, 2637, 2364, '2017-06-09 22:07:31'),
(82, 0, 'Trazodone Hydrochloride', 40, 3908, 3018, '2017-11-07 12:32:31'),
(83, 0, 'Kaletra', 32, 2289, 1440, '2018-02-08 10:48:09'),
(84, 0, 'Gabapentin', 32, 1357, 3982, '2017-11-26 12:31:42'),
(85, 0, 'Phenylephrine Hydrochloride', 40, 2481, 4115, '2017-06-15 20:56:23'),
(86, 0, 'Bronzing Duo SPF 15 Mineral Compact Tint 02 Medium', 44, 4358, 3001, '2017-08-07 08:22:25'),
(87, 0, 'Sure', 20, 2124, 4849, '2018-01-26 05:49:21'),
(88, 0, 'Hydrogen Peroxide', 32, 4604, 4798, '2017-10-30 06:16:30'),
(89, 0, 'Budesonide', 38, 1677, 4336, '2017-09-14 02:02:42'),
(90, 0, 'Sorine', 46, 1604, 2938, '2017-07-02 18:02:46'),
(91, 0, 'Medi-Cortisone', 45, 2090, 2093, '2017-05-24 17:58:49'),
(92, 0, 'Good Neighbor Pharmacy Nicotine', 50, 3390, 1616, '2017-08-12 18:18:17'),
(93, 0, 'Hydrochlorothiazide', 49, 1005, 3818, '2017-12-11 15:46:14'),
(94, 0, 'Zolpidem Tartrate', 37, 4724, 3202, '2018-02-22 20:33:10'),
(95, 0, 'HEMATOGEN', 47, 3068, 4334, '2017-04-02 22:22:42'),
(96, 0, 'Triamterene and Hydrochlorothiazide', 34, 4187, 4572, '2017-12-02 03:20:08'),
(97, 0, 'Terazosin Hydrochloride', 44, 4290, 3336, '2017-04-08 21:51:20'),
(98, 0, 'VAQTA', 35, 4796, 1026, '2017-11-13 04:30:57'),
(99, 0, 'BOS TAURUS SKIN', 39, 4395, 1811, '2017-12-14 21:31:54'),
(100, 0, 'Cuprum Quartz (Red)', 23, 2206, 4183, '2017-07-31 05:49:49'),
(101, 0, 'Colgate', 21, 4815, 3319, '2017-09-01 19:41:43'),
(102, 0, 'Metformin Hydrochloride', 42, 2775, 4159, '2017-11-30 12:53:39'),
(103, 0, 'DG Health Pain Relief', 30, 3402, 3620, '2018-02-04 00:28:23'),
(104, 0, 'Articaine Hydrochloride and Epinephrine Bitartrate', 32, 3701, 2128, '2017-05-25 17:45:11'),
(105, 0, 'CareOne Pain Relief', 44, 4947, 4123, '2017-12-13 20:41:38'),
(106, 0, 'Arizona Ash', 24, 1844, 1650, '2017-04-24 07:01:26'),
(107, 0, 'Head and Shoulders Dual Sachets', 43, 1957, 3883, '2017-03-29 15:45:18'),
(108, 0, 'Dandruff', 31, 3443, 3095, '2017-06-09 16:26:57'),
(109, 0, 'Crest 3D White', 43, 1510, 1107, '2017-04-11 13:07:55'),
(110, 0, 'Lucky Supersoft', 30, 4719, 1104, '2017-07-13 11:43:03'),
(111, 0, 'Italian Rye Grass', 29, 4986, 4880, '2017-03-04 22:51:22'),
(112, 0, 'GEMCITABINE', 49, 3877, 3581, '2017-08-31 06:04:37'),
(113, 0, 'Hydrochlorothiazide', 47, 1255, 2803, '2017-12-17 06:18:47'),
(114, 0, 'Alfuzosin Hydrochloride', 30, 2358, 3262, '2017-08-14 21:41:15'),
(115, 0, 'Standardized Mite D. farinae', 36, 4994, 2128, '2017-11-07 22:27:35'),
(116, 0, 'Appetite Control', 28, 2528, 3438, '2018-01-18 19:52:50'),
(117, 0, 'IMITREX', 40, 3934, 3774, '2017-10-08 13:20:30'),
(118, 0, '', 24, 4796, 2323, '2017-08-20 23:04:36'),
(119, 0, 'sunmark all day relief', 50, 3935, 2330, '2017-10-11 08:37:00'),
(120, 0, 'Ambi Even and Clear Daily Moisturizer', 36, 1927, 4239, '2017-10-10 11:32:17'),
(121, 0, 'Ranitidine', 38, 4953, 1203, '2017-03-12 05:17:20'),
(122, 0, 'CVS Pharmacy', 28, 3848, 3343, '2018-01-21 22:07:53'),
(123, 0, 'CAPTOPRIL', 28, 4489, 4273, '2017-03-12 03:52:58'),
(124, 0, 'Egg Yolk', 26, 1544, 3428, '2017-12-19 03:32:53'),
(125, 0, 'Antacid', 35, 4810, 3119, '2017-12-09 07:20:33'),
(126, 0, 'DentiCare Pro-Foam', 45, 3179, 4063, '2017-05-08 00:44:12'),
(127, 0, 'Flawless Tinted Moisturizer Dark', 31, 3019, 1610, '2017-05-19 10:05:09'),
(128, 0, 'Sanitex MVP Instant-Hand Sanitizer Alcohol-Free', 21, 2713, 2115, '2017-07-10 12:35:03'),
(129, 0, 'Clotrimazole and Betamethasone Dipropionate', 40, 4771, 2171, '2017-04-22 03:22:25'),
(130, 0, 'Doxazosin', 20, 3984, 3788, '2017-05-12 15:08:17'),
(131, 0, 'Aveeno Active Naturals Positively Ageless Youth Perfecting Moisturizer', 34, 3967, 4616, '2017-12-23 15:54:18'),
(132, 0, 'Pain Reliever', 42, 1231, 3251, '2017-11-13 12:45:15'),
(133, 0, 'Sweet Papaya Antibacterial Foaming Hand Wash', 20, 1161, 2909, '2017-12-25 19:39:40'),
(134, 0, 'Ciprofloxacin', 43, 1562, 2213, '2017-08-20 02:52:25'),
(135, 0, 'Neutrogena Oil-Free Acne Wash', 20, 4562, 2302, '2017-10-15 23:24:53'),
(136, 0, 'LANOXIN', 32, 4337, 2416, '2017-11-09 22:21:05'),
(137, 0, 'Haddock', 47, 1283, 4452, '2017-08-18 07:34:49'),
(138, 0, 'ReCreate Foundation', 30, 1030, 1716, '2018-01-10 00:09:51'),
(139, 0, 'Metformin Hydrochloride', 34, 4989, 4327, '2017-07-11 03:33:08'),
(140, 0, 'ASPERGILLUS NIGER', 25, 4576, 1517, '2017-05-20 01:58:57'),
(141, 0, 'Clarithromycin', 38, 3123, 4414, '2017-07-11 19:13:28'),
(142, 0, 'Aloe Up', 38, 2558, 2843, '2017-05-02 20:43:41'),
(143, 0, 'Amikacin Sulfate', 29, 2852, 4487, '2017-12-25 17:48:25'),
(144, 0, 'DIPHENHYDRAMINE HYDROCHLORIDE', 24, 1412, 2009, '2017-11-27 21:34:14'),
(145, 0, 'Orajel for Cold Sores', 39, 2406, 2251, '2017-05-16 10:16:03'),
(146, 0, 'Nystatin', 44, 2382, 2230, '2017-09-08 12:19:00'),
(147, 0, 'SunZone Sunscreen Family SPF 30', 29, 4827, 3206, '2018-03-02 11:25:04'),
(148, 0, 'Dexamethasone', 26, 2179, 1783, '2017-08-15 07:38:48'),
(149, 0, 'Zicam', 31, 1858, 3313, '2017-05-24 10:49:14'),
(150, 0, 'Good Sense Antacid', 22, 4469, 2834, '2017-08-02 10:56:21'),
(151, 0, 'Cotton Seed', 41, 4611, 1677, '2017-10-29 13:41:47'),
(152, 0, 'ANTIBACTERIAL FOAMING', 46, 4575, 4583, '2017-09-30 06:12:34'),
(153, 0, 'METOPROLOL SUCCINATE', 26, 2441, 2767, '2017-12-12 14:32:17'),
(154, 0, 'cold relief', 47, 3261, 1360, '2017-05-29 13:53:35'),
(155, 0, 'citroma', 28, 2338, 2065, '2017-06-26 07:56:44'),
(156, 0, 'Neurospora intermedia', 45, 1099, 2717, '2017-03-06 05:25:19'),
(157, 0, 'Codeine Sulfate', 37, 4299, 1660, '2017-06-10 00:23:21'),
(158, 0, 'Cyproheptadine Hydrochloride', 50, 3896, 1843, '2017-03-10 01:14:17'),
(159, 0, 'citalopram hydrobromide', 38, 2304, 2129, '2017-07-09 20:51:54'),
(160, 0, 'Fin McMissie Sun Smacker SPF 24 Vroom Vroom Vanilla', 50, 4749, 3376, '2017-09-26 18:14:48'),
(161, 0, 'Snail Aqua EGF Sleep', 32, 3618, 1337, '2017-09-26 18:22:42'),
(162, 0, 'Promethazine VC', 39, 1627, 3502, '2017-05-21 18:54:49'),
(163, 0, 'Dextroamphetamine Saccharate, Amphetamine Aspartate Monohydrate, Dextroamphetamine Sulfate and Amphe', 21, 3898, 2763, '2017-07-28 03:11:58'),
(164, 0, 'Opalescence Whitening Toothpaste', 47, 2037, 4961, '2017-07-11 06:11:43'),
(165, 0, 'Solar Sense Clear Zinc Body SPF 50', 28, 1267, 1269, '2017-04-17 16:41:01'),
(166, 0, 'Thalomid', 32, 1264, 3291, '2017-08-29 09:10:52'),
(167, 0, 'SHISEIDO ADVANCED HYDRO-LIQUID COMPACT (REFILL)', 36, 2614, 3127, '2017-09-30 13:51:50'),
(168, 0, 'temazepam', 42, 3170, 4667, '2018-01-08 07:15:56'),
(169, 0, 'Cryogel Island Rain Natural Pain Relieving', 42, 4578, 4656, '2017-12-20 14:00:54'),
(170, 0, 'HAND SANITIZING', 21, 2803, 4436, '2017-09-12 20:55:03'),
(171, 0, 'Amitriptyline Hydrochloride', 45, 2134, 4022, '2017-09-23 21:18:15'),
(172, 0, 'House Fly', 42, 4042, 4208, '2017-09-12 02:06:44'),
(173, 0, 'Ibuprofen IB', 33, 4836, 3799, '2017-03-05 15:44:55'),
(174, 0, 'LISTERINE TOTAL CARE', 24, 2677, 1093, '2017-03-18 03:37:32'),
(175, 0, 'Veal', 31, 1422, 2470, '2017-12-29 21:26:17'),
(176, 0, 'Escitalopram', 45, 2871, 3090, '2017-05-01 23:03:37'),
(177, 0, 'ULORIC', 32, 2748, 2103, '2017-06-24 03:27:26'),
(178, 0, 'Head and Shoulders', 47, 4838, 3156, '2017-04-22 21:20:21'),
(179, 0, 'Amoxicillin', 27, 2983, 4535, '2017-07-28 22:04:01'),
(180, 0, 'Hydrocodone Bitartrate And Acetaminophen', 37, 4125, 4269, '2018-02-24 12:43:27'),
(181, 0, 'Duraclon', 22, 1386, 2253, '2017-03-21 21:22:02'),
(182, 0, 'GIVEN BY NATURE GREEN TEA MASK SHEET', 40, 3338, 4792, '2017-07-02 04:28:46'),
(183, 0, 'Thyrolar', 36, 2279, 4122, '2017-07-28 10:45:47'),
(184, 0, 'ALNUS INCANA SSP RUGOSA POLLEN', 29, 3255, 4043, '2017-06-06 01:46:40'),
(185, 0, 'galantamine hydrobromide', 33, 3737, 3612, '2017-10-15 02:26:03'),
(186, 0, 'Loperamide Hydrochloride', 43, 4428, 3846, '2017-05-31 09:22:28'),
(187, 0, 'Jasmine Rose Hand Wash Nettoyant Pour Les Mains', 40, 3223, 4484, '2017-04-11 02:12:46'),
(188, 0, 'SENSAI CELLULAR PERFORMANCE POWDER FOUNDATION', 40, 1429, 1844, '2018-02-09 11:06:57'),
(189, 0, 'Sunmark cold head congestion', 45, 2772, 1627, '2017-12-13 02:20:34'),
(190, 0, 'Cyclobenzaprine Hydrochloride', 38, 3152, 1909, '2017-12-06 09:56:37'),
(191, 0, 'Feminine', 42, 4729, 3867, '2017-12-29 22:58:47'),
(192, 0, 'Homeopathic Fear and Anxiety Formula', 40, 3394, 1712, '2017-03-11 19:48:16'),
(193, 0, 'CAREONE', 23, 1584, 1536, '2017-05-31 08:56:06'),
(194, 0, 'DiaBeta', 42, 1494, 3008, '2017-03-14 19:24:19'),
(195, 0, 'Aloe Up', 33, 4711, 3091, '2017-05-30 21:43:37'),
(196, 0, 'Jason Pure Natural Sun Kids Natural Sunscren Broad Spectrum SPF45', 44, 2938, 3235, '2018-01-04 10:30:18'),
(197, 0, 'Medicated', 20, 4578, 3723, '2017-09-18 00:03:05'),
(198, 0, 'Anti-Aging Foundation SPF 15 Shade 600', 26, 2773, 2322, '2017-04-08 12:41:25'),
(199, 0, 'PHOMA EXIGUA VAR EXIGUA', 40, 2106, 3373, '2018-02-15 04:42:01'),
(200, 0, 'CHROMIUM', 28, 3081, 4219, '2017-03-31 19:06:32'),
(201, 0, 'Amitriptyline Hydrochloride', 21, 2503, 3616, '2017-12-03 15:45:47'),
(202, 0, 'Brewers Yeast', 43, 2277, 2491, '2017-10-30 15:00:41'),
(203, 0, 'VITAMINS A AND D DIAPER RASH', 21, 1962, 4019, '2018-01-12 11:36:25'),
(204, 0, 'Neomycin and Polymyxin B Sulfates and Hydrocortisone', 33, 2980, 4337, '2017-09-28 12:05:45'),
(205, 0, 'Carvedilol', 33, 4219, 4944, '2017-07-19 23:43:45'),
(206, 0, 'Coppertone Tanning Dry Oil', 34, 2921, 2899, '2017-12-07 09:40:38'),
(207, 0, 'health mart anti diarrheal', 36, 2237, 2574, '2017-10-19 02:46:06'),
(208, 0, 'BIOTENE', 31, 1586, 1792, '2017-10-10 15:02:03'),
(209, 0, 'Acyclovir', 32, 2317, 4388, '2017-04-23 15:16:02'),
(210, 0, 'Colgate', 47, 3978, 4796, '2017-09-25 15:04:00'),
(211, 0, 'Adenosine', 35, 4404, 4770, '2017-09-12 06:49:01'),
(212, 0, 'Zicam Cold Remedy Rapidmelts', 37, 3752, 1929, '2017-06-25 04:50:22'),
(213, 0, 'Dryses Deoderant for men, Roll-on', 24, 2093, 2758, '2017-12-03 18:48:58'),
(214, 0, 'nicotine polacrilex', 46, 1258, 3880, '2017-06-22 14:04:08'),
(215, 0, 'ANTACID', 22, 2203, 1053, '2017-05-29 07:03:48'),
(216, 0, 'Nifedipine', 44, 1643, 4491, '2017-07-01 03:53:40'),
(217, 0, 'FLuvoxamine Maleate', 26, 3543, 2105, '2017-09-14 14:51:00'),
(218, 0, 'Clindamycin Hydrochloride', 28, 2449, 1021, '2018-01-04 04:34:57'),
(219, 0, 'Orchard Grass, Standardized', 42, 3949, 3868, '2018-02-04 14:45:50'),
(220, 0, 'Clindamycin Hydrochloride', 46, 1464, 3545, '2017-11-09 21:19:39'),
(221, 0, 'Fluoxetine Hydrochloride', 41, 2304, 3300, '2018-01-27 13:49:40'),
(222, 0, 'Risperidone', 42, 1632, 2145, '2017-11-06 21:04:38'),
(223, 0, 'Systane', 38, 2195, 3548, '2017-08-05 01:58:41'),
(224, 0, 'HYDROCODONE BITARTRATE AND ACETAMINOPHEN', 43, 4945, 2991, '2018-02-02 05:03:59'),
(225, 0, 'Childrens Allergy Relief', 24, 1447, 3178, '2017-09-11 12:35:01'),
(226, 0, 'Scrub-In Surgical Scrub Brush/Sponge', 30, 1851, 1519, '2018-01-22 05:14:45'),
(227, 0, 'NICORETTE', 39, 4511, 4867, '2017-11-15 18:07:03'),
(228, 0, 'Nicotine Polacrilex, Original', 22, 3509, 3277, '2017-11-04 05:01:19'),
(229, 0, 'Benazepril Hydrochloride and Hydrochlorothiazide', 45, 2067, 4444, '2017-08-08 04:51:16'),
(230, 0, 'HEADACHE', 48, 4404, 2284, '2017-12-05 02:22:54'),
(231, 0, 'Obstetrical Antiseptic', 27, 4100, 4070, '2017-05-18 08:01:29'),
(232, 0, 'Hydrocodone Bitartrate and Acetaminophen', 36, 1173, 2242, '2018-02-09 04:06:02'),
(233, 0, 'Butrans', 37, 1177, 2776, '2017-09-18 20:38:44'),
(234, 0, 'Gas Relief', 32, 2512, 4135, '2017-06-14 03:25:27'),
(235, 0, 'Calcium Acetate', 20, 2220, 4532, '2017-12-23 03:53:05'),
(236, 0, 'Roll On Anti-Perspirant Deodorant', 26, 1893, 2097, '2017-09-29 05:16:42'),
(237, 0, 'MARCS', 42, 4827, 1761, '2018-02-15 12:26:27'),
(238, 0, 'SHISEIDO RADIANT LIFTING FOUNDATION', 38, 1183, 4474, '2017-03-06 00:33:49'),
(239, 0, 'Clorazepate Dipotassium', 42, 3624, 3536, '2017-03-20 03:38:31'),
(240, 0, 'OXYCODONE AND ACETAMINOPHEN', 28, 3780, 4318, '2017-05-23 21:58:12'),
(241, 0, 'Rite Aid RENEWAL', 34, 1475, 4284, '2017-03-10 05:35:04'),
(242, 0, 'Zosyn', 33, 2872, 3483, '2017-06-07 01:19:15'),
(243, 0, 'TIAZAC', 46, 3302, 3726, '2018-01-02 15:00:06'),
(244, 0, 'Dextroamphetamine saccharate, amphetamine aspartate monohydrate, dextroamphetamine sulfate and amphe', 29, 2812, 1171, '2017-03-09 10:57:46'),
(245, 0, 'Acyclovir', 40, 3248, 3855, '2017-07-13 10:40:47'),
(246, 0, 'Gas Relief', 47, 1371, 2400, '2017-11-10 00:16:13'),
(247, 0, 'INSOMNIA RELIEF', 24, 3246, 4145, '2017-12-17 19:03:49'),
(248, 0, 'Mucus Relief DM', 46, 4421, 4793, '2017-12-20 23:31:39'),
(249, 0, 'Clotrimazole and Betamethasone Dipropionate', 23, 1306, 4665, '2018-01-06 22:02:10'),
(250, 0, 'Acetaminophen', 42, 2431, 4322, '2017-12-20 10:45:52'),
(251, 0, 'Arizona Ash', 29, 1392, 1145, '2017-12-21 04:54:20'),
(252, 0, 'Antidiarrheal Relief', 35, 1147, 2742, '2017-12-12 08:06:28'),
(253, 0, 'Propranolol Hydrochloride', 31, 1433, 4204, '2017-11-09 07:59:43'),
(254, 0, 'Instant Hand Sanitizer Original', 34, 1339, 2516, '2018-02-24 17:21:21'),
(255, 0, 'Rizatriptan Benzoate', 20, 1974, 1308, '2017-10-02 03:37:30'),
(256, 0, 'Head and Shoulders', 46, 3473, 2650, '2018-01-04 18:42:19'),
(257, 0, 'Magis Lene Collagen Choc Extra Gold BB Cream', 37, 3760, 1790, '2018-02-20 16:06:45'),
(258, 0, 'Simvastatin', 44, 1372, 4264, '2017-11-25 00:17:24'),
(259, 0, 'Tretinoin', 33, 3638, 3139, '2017-09-21 12:33:17'),
(260, 0, 'Isosorbide', 28, 2067, 3370, '2017-06-09 01:40:48'),
(261, 0, 'ESTROSTEP Fe', 29, 3761, 3806, '2017-08-17 07:16:11'),
(262, 0, 'Venlafaxine', 32, 2029, 4147, '2017-11-11 22:19:20'),
(263, 0, 'Warfarin Sodium', 32, 3449, 3508, '2017-08-15 06:55:06'),
(264, 0, 'Erythromycin Base', 45, 2415, 2066, '2017-03-06 05:29:11'),
(265, 0, 'Nitrogen', 22, 3171, 3414, '2017-03-15 22:00:12'),
(266, 0, 'Pramipexole Dihydrochloride', 20, 2316, 2387, '2018-01-05 02:53:45'),
(267, 0, 'Standardized Timothy Grass Pollen', 40, 1331, 4541, '2018-02-13 05:53:50'),
(268, 0, 'CLADOSPORIUM SPHAEROSPERMUM', 32, 3070, 1523, '2017-11-20 01:55:52'),
(269, 0, 'Tirosint', 20, 4373, 1293, '2017-11-23 18:17:21'),
(270, 0, 'Methylprednisolone', 35, 2794, 3765, '2017-03-11 16:43:47'),
(271, 0, 'Minral Oil', 25, 2875, 1359, '2017-08-22 10:19:32'),
(272, 0, 'Amoxicillin', 41, 1970, 3208, '2017-05-10 23:23:20'),
(273, 0, 'PRAMIPEXOLE DIHYDROCHLORIDE', 37, 2991, 4390, '2018-02-15 10:53:28'),
(274, 0, 'Levetiracetam', 24, 1774, 3546, '2017-03-29 10:15:12'),
(275, 0, 'Diltiazem Hydrochloride', 47, 3874, 1640, '2018-01-24 09:36:13'),
(276, 0, 'Neosporin', 49, 3168, 1524, '2017-09-07 08:58:11'),
(277, 0, 'acetaminophen', 45, 3910, 3550, '2017-10-25 18:00:47'),
(278, 0, 'Banana Boat UltraMist Baby Tear Free Continuous SPF 50', 26, 2172, 4572, '2018-02-13 02:16:48'),
(279, 0, 'Fexofenadine Hydrochloride', 35, 3938, 4318, '2017-12-29 14:24:14'),
(280, 0, 'Telmisartan', 33, 3594, 3514, '2017-11-08 18:10:33'),
(281, 0, 'ANTIBACTERIAL', 38, 1035, 4070, '2017-07-31 14:18:24'),
(282, 0, 'SOLIDAGO CANADENSIS POLLEN', 22, 1954, 1478, '2017-10-03 07:54:34'),
(283, 0, 'Mozobil', 23, 4993, 1175, '2017-04-03 13:05:20'),
(284, 0, 'LBEL divine lip gloss SPF 15', 46, 2264, 3125, '2017-09-03 03:09:27'),
(285, 0, 'Olanzapine', 25, 1239, 4484, '2017-07-01 21:49:07'),
(286, 0, 'Nabumetone', 35, 4445, 1346, '2018-02-27 06:33:40'),
(287, 0, 'Levothyroxine sodium', 31, 2982, 2913, '2017-08-03 00:06:32'),
(288, 0, 'Topcare Nite Time', 33, 4944, 3977, '2017-12-07 05:24:47'),
(289, 0, 'Aldactone', 28, 2583, 2490, '2017-03-08 04:26:26'),
(290, 0, 'Glipizide', 30, 1721, 2762, '2017-11-16 03:04:27'),
(291, 0, 'equaline all day allergy', 48, 3804, 4974, '2017-09-29 00:46:56'),
(292, 0, 'XtraCare Foam Antibacterial Hand Wash', 35, 3747, 4263, '2017-09-18 04:14:19'),
(293, 0, 'FENTANYL CITRATE', 47, 4346, 1719, '2017-05-23 07:38:55'),
(294, 0, 'Clindagel', 35, 2726, 1071, '2017-08-10 13:15:23'),
(295, 0, 'Extra Strength Acetaminophen', 35, 1150, 4560, '2017-04-28 07:10:10'),
(296, 0, 'CVS Pharmacy', 20, 4017, 1919, '2017-03-17 02:28:59'),
(297, 0, 'Propranolol Hydrochloride', 23, 2098, 1122, '2017-12-16 14:35:30'),
(298, 0, 'Softlips', 36, 4875, 4837, '2017-08-17 20:45:46'),
(299, 0, 'Oralair', 44, 1591, 2195, '2017-03-18 14:55:33'),
(300, 0, 'migraine relief', 32, 1063, 4897, '2018-02-01 00:16:49'),
(301, 0, 'Peri-Colace', 44, 4371, 2927, '2017-05-20 00:52:54'),
(302, 0, 'Fluorecein sodium and Proparacaine Hydrochloride', 46, 1367, 3785, '2017-11-05 09:25:54'),
(303, 0, 'smart sense nicotine', 45, 2153, 4508, '2017-11-15 16:22:45'),
(304, 0, 'Calamine', 49, 1476, 4817, '2017-08-24 04:00:33'),
(305, 0, 'Guaifenesin', 28, 3434, 4282, '2017-03-31 06:29:33'),
(306, 0, 'Amlodipine Besylate', 39, 2100, 3456, '2017-05-24 02:10:45'),
(307, 0, 'Sunscreen Stick Broad Spectrum SPF 30 Sunscreen', 46, 1824, 4919, '2017-09-08 02:05:29'),
(308, 0, 'McKesson Alcohol Prep Pad', 27, 1943, 2558, '2017-10-22 07:40:17'),
(309, 0, 'Amoxicillin', 47, 1143, 2976, '2017-07-05 15:03:29'),
(310, 0, 'Pear Barlet Antibacterial Hand', 26, 4868, 3989, '2017-10-19 13:43:12'),
(311, 0, 'Hum Body Liner', 34, 1020, 4648, '2017-05-29 09:19:15'),
(312, 0, 'Lil Goats Zinc Oxide', 23, 2715, 3905, '2017-11-11 18:17:34'),
(313, 0, 'Suclear', 45, 1712, 2993, '2017-11-15 23:27:47'),
(314, 0, 'Phentermine Hydrochloride', 46, 3890, 1884, '2017-03-04 21:10:24'),
(315, 0, 'Lorazepam', 46, 4275, 1226, '2017-11-05 07:01:27'),
(316, 0, 'No7 Lift and Luminate Foundation Sunscreen Broad Spectrum SPF 15 Latte', 50, 3479, 1302, '2017-04-01 14:34:39'),
(317, 0, 'PANCOLD S', 32, 3713, 2817, '2017-10-10 06:33:37'),
(318, 0, 'Aesculus-Heel', 45, 2210, 3528, '2017-10-13 18:31:17'),
(319, 0, 'Green Guard Cough Drop Relief', 25, 3072, 1006, '2017-03-17 12:35:20'),
(320, 0, 'Buxom Show Some Skin Weightless Foundation Broad Spectrum SPF 30', 29, 3297, 3061, '2017-12-19 19:11:35'),
(321, 0, 'Urinary Pain Relief', 25, 3663, 1323, '2017-07-19 07:05:02'),
(322, 0, 'CAREONE', 42, 3954, 2621, '2017-11-30 16:28:07'),
(323, 0, 'Ibuprofen', 35, 2365, 2568, '2017-04-25 19:44:15'),
(324, 0, 'Migraine Relief', 33, 3849, 2850, '2017-05-29 22:15:34'),
(325, 0, 'PERCOCET', 42, 3536, 1029, '2017-03-26 21:51:46'),
(326, 0, 'Olanzapine and Fluoxetine', 33, 4264, 4049, '2018-01-30 16:42:34'),
(327, 0, 'Yuma', 29, 3132, 1030, '2017-12-16 09:27:28'),
(328, 0, 'Proactiv Sheer Tint Moisture', 45, 4698, 4082, '2017-06-17 23:01:49'),
(329, 0, 'Fluconazole', 49, 1396, 3762, '2017-09-09 06:16:30'),
(330, 0, 'Temazepam', 29, 4373, 2068, '2018-02-18 08:53:46'),
(331, 0, 'Chap-et', 45, 4080, 2577, '2017-05-31 19:14:32'),
(332, 0, 'JUNIPERUS VIRGINIANA POLLEN', 43, 4120, 1504, '2017-06-17 07:22:31'),
(333, 0, 'Pollens - Trees, Tree Mix 6', 49, 1735, 4939, '2017-07-13 23:42:38'),
(334, 0, 'DOUBLE PERFECTION LUMIERE', 42, 1789, 3971, '2017-07-31 23:32:36'),
(335, 0, 'Ambi Even and Clear Daily Moisturizer', 46, 1468, 2274, '2017-06-27 22:15:06'),
(336, 0, 'Viread', 49, 1444, 2380, '2017-09-19 22:18:22'),
(337, 0, 'Potassium Chloride', 47, 4535, 1753, '2017-03-30 16:14:27'),
(338, 0, 'Viramune', 48, 2880, 1944, '2018-02-03 22:24:14'),
(339, 0, 'Arizona Ash', 25, 3288, 2382, '2017-03-23 06:06:32'),
(340, 0, 'HypoTears', 26, 4293, 1186, '2017-05-09 13:04:32'),
(341, 0, 'Red Cross Oral Pain Relief', 50, 4810, 4309, '2017-12-09 00:22:57'),
(342, 0, 'Invisible Pain', 46, 4082, 3801, '2018-01-08 10:58:17'),
(343, 0, 'Diovan', 47, 3241, 3218, '2017-05-08 17:46:35'),
(344, 0, 'Petroleum Jelly', 48, 1226, 1662, '2017-05-14 19:15:42'),
(345, 0, 'Pramipexole Dihydrochloride', 20, 1511, 2918, '2017-04-11 10:29:36'),
(346, 0, 'All Day Allergy-D', 22, 3438, 1825, '2017-06-13 19:37:07'),
(347, 0, 'Senna S', 33, 1149, 2737, '2017-08-15 10:13:24'),
(348, 0, 'Ketamine Hydrochloride', 44, 1785, 2955, '2017-04-25 11:23:59'),
(349, 0, 'Tetracycline Hydrochloride', 45, 2871, 4151, '2017-09-26 04:46:31'),
(350, 0, 'STERILE VANCOMYCIN HYDROCHLORIDE', 47, 3307, 3518, '2017-04-30 04:19:14'),
(351, 0, 'hemorrhoidal', 32, 1523, 1681, '2017-10-06 13:18:40'),
(352, 0, 'Irinotecan Hydrochloride', 49, 4023, 1835, '2017-03-11 08:59:28'),
(353, 0, 'Niravam', 33, 2625, 3820, '2018-02-20 16:55:20'),
(354, 0, 'Risperidone', 22, 2389, 1673, '2018-01-27 14:45:33'),
(355, 0, 'Zemplar', 35, 2907, 4274, '2017-05-26 05:54:09'),
(356, 0, 'Pioglitazone', 32, 4067, 3760, '2017-12-15 14:51:11'),
(357, 0, 'Brussels Sprout', 34, 1765, 2706, '2017-05-21 04:07:08'),
(358, 0, 'Quetiapine Fumarate', 35, 2526, 1969, '2017-11-11 11:05:54'),
(359, 0, 'Hydralazine Hydrochloride', 28, 1255, 2325, '2017-03-21 12:12:36'),
(360, 0, 'Etodolac', 44, 1472, 4709, '2017-08-09 20:09:29'),
(361, 0, 'PREPARATION H', 46, 1978, 3212, '2018-01-12 04:23:00'),
(362, 0, 'Metformin Hydrochloride', 41, 2153, 2196, '2017-09-03 12:39:59'),
(363, 0, 'ASPERGILLUS FUMIGATUS', 28, 2760, 4884, '2017-04-28 05:35:01'),
(364, 0, 'Isosorbide mononitrate', 28, 2914, 2284, '2017-03-24 11:52:13'),
(365, 0, 'Glipizide', 34, 1822, 4507, '2017-12-28 20:54:16'),
(366, 0, 'Divalproex Sodium Delayed Release', 22, 1361, 3312, '2018-01-26 22:08:14'),
(367, 0, 'FreshKote Lubricant Eye Drops', 42, 4168, 1096, '2017-09-16 01:57:48'),
(368, 0, 'Neomycin and Polymyxin B Sulfates and Hydrocortisone', 34, 1553, 3325, '2017-07-10 00:19:15'),
(369, 0, 'Strattera', 26, 3460, 2751, '2017-07-05 22:57:24'),
(370, 0, 'Venlafaxine', 36, 3449, 2246, '2017-08-24 08:40:28'),
(371, 0, 'smart sense ranitidine', 41, 2906, 2100, '2017-05-26 00:23:00'),
(372, 0, 'Taurine', 32, 3538, 3351, '2017-06-23 13:26:59'),
(373, 0, 'donepezil hydrochloride', 42, 1959, 4338, '2017-10-05 20:19:34'),
(374, 0, 'Mannitol', 48, 1998, 2214, '2017-05-20 12:47:46'),
(375, 0, 'leader anti nausea', 33, 3413, 1661, '2017-06-27 11:42:28'),
(376, 0, 'LEFLUNOMIDE', 40, 2564, 3657, '2017-09-08 12:03:24'),
(377, 0, 'Nasal Decongestant', 41, 4720, 1065, '2017-11-28 01:13:03'),
(378, 0, 'Viscum Stannum', 28, 3903, 4334, '2018-01-28 06:39:47'),
(379, 0, 'Foot Works Healthy', 32, 2615, 4629, '2017-06-05 23:47:00'),
(380, 0, 'Solar Sense Zany Zinc SPF 50 - Yellow', 32, 4277, 4687, '2017-06-26 02:18:54'),
(381, 0, 'Tussin Sugar Free Cough', 49, 4313, 4168, '2017-09-26 04:32:27'),
(382, 0, 'Isosorbide Mononitrate', 32, 3126, 1882, '2017-07-04 18:37:04'),
(383, 0, 'Cold Relief', 43, 4534, 4609, '2017-05-26 20:03:09'),
(384, 0, 'Perfecting Liquid Foundation Golden Bronze', 20, 3127, 4707, '2017-10-05 00:31:10'),
(385, 0, 'Doxy 100', 48, 1325, 3835, '2018-02-14 13:41:03'),
(386, 0, 'VISIBLE DIFFERENCE MULTI TARGETED BB CREAM BROAD SPECTRUM SUNSCREEN SPF 30 SHADE 3', 38, 2970, 1434, '2017-06-02 06:18:26'),
(387, 0, 'Hand Sanitizer bottle with carabiner', 29, 2956, 4641, '2017-04-20 12:17:33'),
(388, 0, 'Tamsulosin Hydrochloride', 26, 2108, 4666, '2017-06-18 11:26:43'),
(389, 0, 'Oxygen', 33, 3305, 3322, '2017-07-05 14:54:54'),
(390, 0, 'Enviroforce', 34, 1993, 1142, '2017-11-30 18:51:57'),
(391, 0, 'ESCA Hand Sanitizing Wipes', 22, 4801, 2301, '2017-09-05 03:17:43'),
(392, 0, 'Acebutolol Hydrochloride', 26, 4669, 1281, '2017-08-01 08:45:42'),
(393, 0, 'Puritan', 39, 1792, 4349, '2017-10-11 00:49:25'),
(394, 0, 'Ibuprofen', 42, 1521, 2509, '2017-10-16 16:21:59'),
(395, 0, 'Ibuprofen', 28, 4085, 3666, '2018-02-18 02:57:49'),
(396, 0, 'ENJUVIA', 37, 4117, 3346, '2017-06-21 16:05:33'),
(397, 0, 'sleep aid', 32, 1643, 4504, '2018-02-24 08:19:58'),
(398, 0, 'HELMINTHOSPORIUM SATIVUM', 26, 4181, 2231, '2017-08-08 09:58:35'),
(399, 0, 'Repronex', 37, 2295, 3208, '2017-10-09 18:58:19'),
(400, 0, 'Nizatidine', 35, 2065, 4700, '2017-05-17 12:25:59'),
(401, 0, 'Lipitor', 22, 4072, 4430, '2017-08-31 12:49:16'),
(402, 0, 'FENTORA', 35, 1170, 4597, '2017-06-02 07:10:19'),
(403, 0, 'DG health allergy multi symptom', 37, 2816, 3893, '2017-12-14 06:14:02'),
(404, 0, 'Leucovorin', 49, 3818, 1186, '2017-12-18 08:17:38'),
(405, 0, 'Glycopyrrolate', 42, 3141, 1635, '2017-07-16 17:19:04'),
(406, 0, 'COMPLERA', 31, 1569, 3866, '2017-05-01 00:51:38'),
(407, 0, 'Degree', 40, 4623, 3626, '2017-09-19 10:11:14'),
(408, 0, 'CYZONE', 49, 1257, 1511, '2017-07-15 17:28:57'),
(409, 0, 'Thyroidinum', 35, 2943, 2243, '2018-02-21 03:37:55'),
(410, 0, 'Hydrocortisone', 43, 3601, 2492, '2018-02-02 13:36:53'),
(411, 0, 'OXYGEN', 50, 3681, 3683, '2017-10-18 01:52:39'),
(412, 0, 'Lice Killing', 49, 1356, 1584, '2017-10-17 02:22:37'),
(413, 0, 'Isopropyl Alcohol Sepp', 47, 2096, 3432, '2017-06-27 03:42:01'),
(414, 0, 'TRAMADOL HYDROCHLORIDE AND ACETAMINOPHEN', 28, 4411, 2927, '2017-05-15 12:12:50'),
(415, 0, 'Rescue Remedy', 39, 1470, 2623, '2017-10-02 02:59:10'),
(416, 0, 'Kinesys', 27, 4718, 1200, '2017-11-29 00:43:31'),
(417, 0, 'Oil Clearing Matte Moisturizer', 44, 2880, 2901, '2017-06-02 00:08:17'),
(418, 0, 'OLANZAPINE', 48, 2970, 3319, '2017-11-09 08:31:22'),
(419, 0, 'Lac Caninum Kit Refill', 49, 2999, 3714, '2017-11-22 17:39:54'),
(420, 0, 'DOXEPIN HYDROCHLORIDE', 50, 1925, 2880, '2017-08-09 12:15:27'),
(421, 0, 'Topcare Nicotine', 26, 1365, 2475, '2017-04-28 03:40:00'),
(422, 0, 'Vasopressin', 34, 1916, 2410, '2017-12-02 03:50:43'),
(423, 0, 'Terbinafine Hydrochloride', 41, 2941, 3105, '2017-10-17 11:10:08'),
(424, 0, 'Buspirone HCl', 38, 3461, 4377, '2017-12-24 11:06:30'),
(425, 0, 'Dicyclomine', 44, 1492, 2905, '2017-11-22 04:59:20'),
(426, 0, 'CARBON DIOXIDE', 41, 3708, 1032, '2018-02-10 20:36:36'),
(427, 0, 'Sertraline hydrochloride', 41, 3265, 1982, '2017-09-10 21:16:37'),
(428, 0, 'Norinyl', 32, 2055, 1780, '2018-02-22 17:56:20'),
(429, 0, 'Acarbose', 27, 4549, 4723, '2017-05-27 11:11:43'),
(430, 0, 'Enoxaparin Sodium', 35, 1327, 2420, '2017-09-10 18:10:06'),
(431, 0, 'GUNA-IL 11', 46, 3498, 1384, '2017-08-21 07:24:02'),
(432, 0, 'Aspirin', 50, 3151, 3132, '2017-06-12 14:16:40'),
(433, 0, 'equaline antacid', 50, 1055, 1392, '2017-10-09 20:10:24'),
(434, 0, 'Salsalate', 27, 4672, 2729, '2017-05-18 03:55:57'),
(435, 0, 'ZOLPIDEM TARTRATE', 45, 2564, 1633, '2017-03-25 20:43:51'),
(436, 0, 'Lorazepam', 25, 1816, 2546, '2018-01-12 02:25:12'),
(437, 0, 'dg health cough', 34, 3158, 2690, '2017-10-29 04:42:59'),
(438, 0, 'Glipizide', 27, 3756, 2770, '2017-06-28 09:30:09'),
(439, 0, 'RENEWAL DAILY MOISTURIZER SENSITIVE SKIN', 25, 3269, 1134, '2017-06-16 11:12:16'),
(440, 0, 'dg health allergy relief', 31, 4836, 1234, '2017-03-25 23:56:13'),
(441, 0, 'Salsalate', 50, 3275, 3065, '2017-11-09 08:40:17'),
(442, 0, 'day time', 39, 4442, 3152, '2017-05-22 06:52:50'),
(443, 0, 'CitraNatal Harmony 3.0', 28, 2755, 1455, '2017-11-19 06:56:46'),
(444, 0, 'Quetiapine Fumarate', 35, 3156, 3709, '2017-06-14 12:43:34'),
(445, 0, 'Bupropion Hydrochloride', 34, 1590, 2536, '2017-07-23 14:03:44'),
(446, 0, 'Heart Fatigue', 25, 3699, 4777, '2017-07-20 20:44:01'),
(447, 0, 'REMERON', 23, 2821, 2829, '2017-04-11 23:18:32'),
(448, 0, 'Vinorelbine', 27, 2255, 1831, '2017-12-02 07:55:53'),
(449, 0, 'SUTENT', 50, 1867, 3732, '2017-12-22 21:06:19'),
(450, 0, 'Nausea Vomiting HP', 50, 2555, 1113, '2017-06-12 02:33:32'),
(451, 0, 'Isopropyl Alcohol', 50, 2197, 3982, '2017-04-05 17:48:17'),
(452, 0, 'Anti-Diarrheal Loperamide HCl', 29, 2393, 3242, '2017-09-17 14:06:13'),
(453, 0, '50% Rubbing', 31, 3542, 3860, '2018-02-01 17:24:35'),
(454, 0, 'oxandrolone', 35, 4564, 3890, '2017-08-28 21:33:13'),
(455, 0, 'SENNA', 44, 3842, 1250, '2017-11-30 12:59:10'),
(456, 0, 'Lipitor', 46, 3748, 1241, '2017-04-20 12:00:33'),
(457, 0, 'Carbidopa and Levodopa', 20, 2270, 4713, '2017-12-16 13:14:24'),
(458, 0, 'TRAMADOL HYDROCHLORIDE', 44, 3246, 3498, '2017-08-30 17:17:59'),
(459, 0, 'Noble Lion Medicated Balm', 30, 4759, 1915, '2017-12-19 11:21:14'),
(460, 0, 'NITROUS OXIDE', 44, 2705, 2323, '2017-10-25 05:47:12'),
(461, 0, 'Lisinopril', 34, 3523, 2152, '2017-07-17 22:27:53'),
(462, 0, 'Dr. Andrew Weil for Origins', 30, 3486, 4709, '2017-07-31 14:30:55'),
(463, 0, 'HOUSE DUST', 24, 4366, 4095, '2017-03-20 21:10:24'),
(464, 0, 'Technetium Tc99m Generator', 24, 4686, 1167, '2017-11-17 20:52:46'),
(465, 0, 'Enalapril Maleate and Hydrochlorothiazide', 48, 1232, 4792, '2018-01-09 17:46:37'),
(466, 0, 'ULTRASOL', 23, 4577, 3693, '2017-10-03 22:22:15'),
(467, 0, 'COLD SORE FREE', 32, 3497, 3848, '2017-07-20 00:30:38'),
(468, 0, 'PrismaSol', 46, 3530, 3778, '2017-11-07 05:10:19'),
(469, 0, 'Propranolol Hydrochloride', 47, 3592, 2249, '2017-10-29 03:16:32'),
(470, 0, 'GAVISCON', 40, 3930, 1169, '2017-09-30 14:43:10'),
(471, 0, 'Pain Relief', 48, 1733, 3202, '2017-05-21 04:09:58'),
(472, 0, 'Safe-T-Fresh Alcohol Free Hand Sanitizer', 50, 3786, 2827, '2017-03-20 02:50:00'),
(473, 0, 'Liothyronine Sodium', 48, 3805, 1788, '2017-05-20 12:17:20'),
(474, 0, 'African Formula Black', 35, 4447, 1545, '2017-12-09 22:05:09'),
(475, 0, 'Acetaminophen', 21, 3079, 4597, '2017-04-28 08:49:14'),
(476, 0, 'Cheat Grass Pollen', 46, 1132, 1636, '2018-02-03 07:07:38'),
(477, 0, 'Lisinopril', 41, 2403, 3125, '2017-11-15 12:48:04'),
(478, 0, 'CD CAPTURE TOTALE Triple Correcting Serum Foundation Wrinkles-Dark Spots-Radiance with sunscreen Bro', 30, 4008, 1718, '2017-05-17 02:42:26'),
(479, 0, 'BIDEX-400', 32, 2256, 1156, '2017-08-26 06:43:52'),
(480, 0, 'Senna-S', 36, 1389, 1100, '2017-03-09 19:14:18'),
(481, 0, 'Cardio Tonic', 22, 3914, 2348, '2017-07-31 13:04:14'),
(482, 0, 'ACTEMRA', 37, 2223, 3685, '2017-05-23 00:51:47'),
(483, 0, 'Metformin Hydrochloride', 38, 4078, 3905, '2017-04-03 09:09:09'),
(484, 0, 'SILVADENE', 48, 3445, 2384, '2017-11-24 18:33:37'),
(485, 0, 'INSTANT HAND SANITIZER', 27, 2662, 3524, '2017-03-28 10:24:14'),
(486, 0, 'Veletri', 33, 2284, 4434, '2017-12-08 23:06:29'),
(487, 0, 'care one allergy eye', 35, 1499, 2549, '2017-05-04 11:33:57'),
(488, 0, 'SUMADAN XLT', 42, 2329, 1011, '2018-02-27 01:41:15'),
(489, 0, 'LEVAQUIN', 36, 1502, 1187, '2017-10-08 23:40:42'),
(490, 0, 'healthy mama', 33, 2242, 2295, '2017-09-07 04:00:43'),
(491, 0, 'Lactated Ringers', 30, 1904, 1872, '2017-09-25 15:31:58'),
(492, 0, 'Megatope', 40, 1686, 2976, '2017-12-31 07:16:59'),
(493, 0, 'Ranitidine', 43, 4994, 4267, '2017-06-14 10:05:54'),
(494, 0, 'Microban Unscented', 27, 2970, 2988, '2017-08-31 21:33:11'),
(495, 0, 'Tropical Vanilla Body Sunscreen Broad Spectrum SPF 32', 48, 4705, 2905, '2017-08-09 10:15:32'),
(496, 0, 'Bupropion Hydrochloride', 44, 2234, 1004, '2017-10-16 05:31:43'),
(497, 0, 'Topcare Day Time Nite Time', 48, 2868, 2323, '2017-11-14 19:08:41'),
(498, 0, 'SHOPKO SEVERE CONGESTION NASAL', 42, 2231, 4938, '2017-06-30 18:18:29'),
(499, 0, 'ISOSORBIDE MONONITRATE', 41, 2795, 2451, '2018-02-28 04:51:01'),
(500, 0, 'Imipramine Hydrochloride', 50, 1830, 3305, '2017-03-22 03:26:29'),
(501, 0, 'Cold Head Congestion', 49, 1132, 1318, '2017-04-23 23:09:00'),
(502, 0, 'Metronidazole', 48, 2473, 2210, '2017-09-29 14:10:01'),
(503, 0, 'Asthmanefrin', 27, 1740, 3482, '2017-08-30 23:02:24'),
(504, 0, 'Metformin Hydrochloride', 37, 3381, 2966, '2017-04-08 16:31:56'),
(505, 0, 'LBEL divine lip gloss SPF 15', 34, 2665, 2456, '2017-10-11 04:07:45'),
(506, 0, 'Losartan Potassium', 40, 3743, 1933, '2017-11-11 13:54:51'),
(507, 0, 'Cephalexin', 36, 2089, 1867, '2018-02-03 03:45:12'),
(508, 0, 'ESOPINIO FRESH AND CLEAR FOUNDATION', 45, 1889, 1557, '2018-01-10 06:28:46'),
(509, 0, 'Lemon Zest Antibacterial Foaming Hand Wash', 20, 3985, 2023, '2017-10-03 06:40:09'),
(510, 0, 'napoleon PERDIS ADVANCED MINERAL MAKEUP BROAD SPECTRUM SPF 15 Look 4', 43, 3421, 3543, '2017-03-17 14:31:49'),
(511, 0, 'Eve Lom Radiance Perfected Tinted Moisturiser SPF 15', 29, 2585, 3485, '2018-02-08 11:50:54'),
(512, 0, 'Banana Boat Quik Dri Sport Body and Scalp SPF 30', 39, 3024, 1918, '2017-11-07 02:45:15'),
(513, 0, 'PROGESTERONE', 40, 4720, 4734, '2017-03-15 10:52:05'),
(514, 0, 'Glimepiride', 42, 4122, 2383, '2017-06-11 06:27:53'),
(515, 0, 'EZ Nite Sleep', 39, 3505, 3381, '2017-10-09 12:41:15'),
(516, 0, 'REFISSA', 22, 4411, 2978, '2018-02-28 01:26:11'),
(517, 0, 'Rite Aid Dandruff', 47, 4953, 1460, '2018-01-08 00:06:43'),
(518, 0, 'Equaline Ibuprofen', 30, 2809, 3101, '2017-06-16 13:12:08'),
(519, 0, 'Sisal', 50, 1171, 4053, '2017-12-21 17:55:14'),
(520, 0, 'Denti-Care Denti-Rinse', 20, 4263, 1270, '2017-11-22 03:37:19'),
(521, 0, 'Methylin', 30, 3502, 3152, '2017-12-02 23:33:26'),
(522, 0, 'Orajel Instant Pain Relief', 26, 2188, 3898, '2017-09-07 20:33:24'),
(523, 0, 'Marlido 25 Kit', 35, 1608, 2188, '2017-03-04 19:36:41'),
(524, 0, 'Plexion', 20, 4889, 1282, '2017-05-10 03:28:37'),
(525, 0, 'Hydroxychloroquine Sulfate', 46, 3488, 3842, '2017-11-23 08:27:04'),
(526, 0, 'CYZONE', 25, 4328, 3374, '2017-12-07 05:00:31'),
(527, 0, 'Porcelana Night Skin Lightening', 46, 1990, 2574, '2017-06-16 00:13:33'),
(528, 0, 'GELNIQUE', 31, 1032, 3371, '2018-01-01 04:24:04'),
(529, 0, 'Hydralazine Hydrochloride', 37, 3685, 3808, '2017-07-28 16:58:18'),
(530, 0, 'PCXX NEUTRAL FOAM BAZOOKA BUBBLEGUM', 23, 1608, 4324, '2017-07-16 18:08:28'),
(531, 0, 'Piperacillin and Tazobactam', 48, 2488, 3257, '2017-12-03 17:05:52'),
(532, 0, 'Anoro Ellipta', 31, 3399, 1790, '2017-03-15 08:58:33'),
(533, 0, 'Ciprofloxacin', 24, 4908, 4202, '2018-01-08 15:02:00'),
(534, 0, 'Anti Allergy', 36, 1065, 4508, '2017-03-28 04:18:36'),
(535, 0, 'Green Guard Allergy 2 Relief', 44, 4169, 2948, '2017-08-18 22:41:51'),
(536, 0, 'CEFADROXIL', 40, 2409, 2351, '2017-07-06 20:02:45'),
(537, 0, 'Lipitor', 23, 4019, 4708, '2017-09-03 03:26:51'),
(538, 0, 'ICING', 44, 3944, 4819, '2017-09-08 13:34:13'),
(539, 0, 'Hydrocortisone', 31, 2041, 1157, '2017-09-08 03:25:13'),
(540, 0, 'Ropinirole Hydrochloride', 42, 1483, 4497, '2017-05-25 01:23:26'),
(541, 0, 'Endocrine Balancer', 25, 4456, 1653, '2017-06-03 12:42:21'),
(542, 0, 'Molds, Rusts and Smuts, Helminthosporium interseminatum', 24, 2122, 4486, '2017-06-25 23:09:53'),
(543, 0, 'OPANA', 28, 3249, 2059, '2017-11-13 01:36:51'),
(544, 0, 'Midodrine HCl', 38, 1887, 4160, '2017-05-24 16:21:45'),
(545, 0, 'Leader Acid Control', 35, 2454, 4047, '2017-08-19 16:03:39'),
(546, 0, 'Caduet', 45, 4822, 3139, '2018-01-09 05:12:38'),
(547, 0, 'Anti-Bacterial Hand', 29, 3831, 3937, '2018-02-25 15:20:24'),
(548, 0, 'EXALGO', 44, 3646, 4152, '2017-03-26 08:36:01'),
(549, 0, 'Butalbital, Aspirin, Caffeine and Codeine Phosphate', 37, 3314, 1469, '2017-05-09 19:30:23'),
(550, 0, 'ROBITUSSIN LINGERING COLD LONG-ACTING COUGHGELS', 43, 1636, 2732, '2017-12-22 02:03:30'),
(551, 0, 'Sertraline hydrochloride', 36, 4776, 1757, '2017-10-27 10:19:11'),
(552, 0, 'Pain Relief', 27, 2830, 2127, '2018-02-28 12:01:05'),
(553, 0, 'SheerDesenZ', 45, 4077, 1067, '2017-04-12 01:23:20'),
(554, 0, 'Loratadine', 45, 4719, 3625, '2017-04-19 01:32:25'),
(555, 0, 'kirkland signature naproxen sodium', 47, 2986, 1946, '2017-04-20 01:21:02'),
(556, 0, 'SPRIX', 49, 1374, 4862, '2017-11-11 09:38:16'),
(557, 0, 'Cefoxitin', 33, 3371, 4423, '2017-04-17 20:47:11'),
(558, 0, 'HYZAAR', 29, 2853, 4175, '2017-09-21 21:56:26'),
(559, 0, 'Hydrocortisone', 45, 2561, 1348, '2017-05-06 08:45:28'),
(560, 0, 'Lisinopril', 39, 1350, 3724, '2017-04-26 10:00:08'),
(561, 0, 'Dapsone', 41, 4258, 2558, '2017-07-09 03:15:42'),
(562, 0, 'Xylocaine', 46, 4342, 4550, '2018-02-16 10:00:11'),
(563, 0, 'Lamotrigine', 39, 3606, 1718, '2017-07-15 01:41:49'),
(564, 0, 'leader tussin dm', 33, 3092, 3025, '2017-07-18 16:41:40'),
(565, 0, 'Hand Sanitizer', 32, 1520, 1619, '2018-01-13 14:06:50'),
(566, 0, 'good sense allergy relief', 25, 4861, 2717, '2017-04-17 12:47:33'),
(567, 0, 'Trazodone Hydrochloride', 45, 3629, 4366, '2018-02-21 04:28:06'),
(568, 0, 'Atropine Sulfate', 33, 1659, 3921, '2018-01-04 10:28:56'),
(569, 0, 'venlafaxine hydrochloride', 43, 3170, 3147, '2018-02-23 19:26:59'),
(570, 0, 'Air Sinsin Pas', 44, 4332, 3388, '2017-08-22 04:05:30'),
(571, 0, 'Lamotrigine', 20, 4084, 4302, '2017-10-09 00:53:19'),
(572, 0, 'Enoxaparin Sodium', 40, 2822, 3241, '2017-04-30 09:17:56'),
(573, 0, 'Thyme', 21, 1133, 1652, '2017-07-16 03:49:40'),
(574, 0, 'good neighbor pharmacy nasal', 47, 3699, 1317, '2018-01-26 22:08:04'),
(575, 0, 'Haloperidol', 30, 2488, 2966, '2018-02-02 21:57:27'),
(576, 0, 'Complete Allergy Medicine', 45, 3755, 4853, '2017-11-08 02:21:27'),
(577, 0, 'Dexamethasone', 24, 2015, 2001, '2018-01-11 14:40:40'),
(578, 0, 'Lithium Carbonate', 41, 3598, 3847, '2017-11-26 21:41:30'),
(579, 0, 'Zee-Seltzer Antacid and Pain Reliever', 43, 1875, 2095, '2017-09-12 16:13:11'),
(580, 0, 'Diltiazem Hydrochloride', 30, 3975, 4189, '2017-10-26 00:36:58'),
(581, 0, 'ATORVASTATIN CALCIUM', 48, 1134, 2915, '2017-12-16 07:04:24'),
(582, 0, 'Carbidopa and Levodopa', 35, 2019, 4861, '2017-08-06 21:23:55'),
(583, 0, 'Carelessweed', 34, 1334, 1641, '2017-05-19 09:31:48'),
(584, 0, 'Ceftriaxone Sodium', 32, 4593, 4933, '2018-02-10 13:19:34'),
(585, 0, 'Famvir', 29, 3173, 2813, '2017-08-23 04:58:11'),
(586, 0, 'ARMOUR THYROID', 43, 4879, 4198, '2017-07-06 18:31:44'),
(587, 0, 'Puralube', 21, 3493, 2629, '2018-01-17 22:58:41'),
(588, 0, 'TICE BCG', 20, 3553, 3418, '2017-04-02 16:16:03'),
(589, 0, 'Naproxen', 29, 1851, 3676, '2017-08-13 01:50:52'),
(590, 0, 'CALMING DIAPER RASH', 35, 2858, 4530, '2017-03-16 04:43:28'),
(591, 0, 'Ropinirole Hydrochloride', 36, 3271, 4178, '2017-08-30 03:56:55'),
(592, 0, 'Poly Hist', 21, 2189, 2577, '2017-11-30 04:44:30'),
(593, 0, 'erythromycin', 21, 1695, 2772, '2017-10-30 03:42:55'),
(594, 0, 'Hydralazine Hydrochloride', 42, 3721, 3206, '2017-09-27 08:21:40'),
(595, 0, 'Tizanidine', 32, 4423, 3800, '2018-02-20 06:52:35'),
(596, 0, 'GlipizideER', 38, 1348, 4640, '2017-12-02 02:08:58'),
(597, 0, 'Gastrotone', 47, 1167, 4058, '2017-08-01 23:36:11'),
(598, 0, 'Ribavirin', 31, 4587, 4661, '2018-01-15 10:58:06'),
(599, 0, 'Pronto Plus', 40, 2711, 1464, '2017-03-16 17:14:46'),
(600, 0, 'DawnMist Alcohol Hand Sanitizer', 25, 4403, 4165, '2017-06-18 04:05:43'),
(601, 0, 'sleep aid', 44, 3805, 3926, '2017-03-21 18:00:32'),
(602, 0, 'Acella Antipyrine and Benzocaine Otic', 23, 4130, 4287, '2017-09-14 02:54:53'),
(603, 0, 'Prednisone', 45, 3641, 3978, '2017-05-23 07:45:47'),
(604, 0, 'acetaminophen', 27, 2263, 4740, '2017-09-22 19:21:32'),
(605, 0, 'Oxytocin', 42, 3401, 3204, '2017-11-03 03:55:14'),
(606, 0, 'Milk of Magnesia Mint', 24, 3265, 4124, '2017-10-04 18:25:11'),
(607, 0, 'Neutrogena Oil Free Acne Stress Control Triple Action Toner', 26, 3462, 3080, '2017-07-08 02:10:48'),
(608, 0, 'Simvastatin', 23, 4664, 1140, '2017-11-20 15:50:17'),
(609, 0, 'Albuterol Sulfate', 34, 2873, 4481, '2018-01-25 16:59:31'),
(610, 0, 'Torsemide', 24, 2161, 2399, '2017-11-30 01:18:03'),
(611, 0, 'Skintegrity Antibacterial Hand', 43, 2300, 1882, '2017-10-04 22:55:31'),
(612, 0, 'Natures Gate', 32, 3485, 3032, '2017-08-24 01:44:10'),
(613, 0, 'DOUBLE PERFECTION LUMIERE', 38, 4104, 1123, '2017-09-27 16:35:09'),
(614, 0, 'IBUPROFEN', 28, 2487, 4320, '2017-12-02 10:53:20'),
(615, 0, 'BENZTROPINE MESYLATE', 35, 2477, 3076, '2017-10-03 16:35:30'),
(616, 0, 'Pleo Form', 22, 2280, 1528, '2017-07-05 01:29:46'),
(617, 0, 'Buspirone Hydrochloride', 32, 1379, 2385, '2017-12-23 18:55:36'),
(618, 0, 'flormar BB Sheer Tinted Beauty Sunscreen Broad Spectrum SPF 15 01 Light', 47, 2366, 3879, '2018-02-20 09:57:39'),
(619, 0, 'Tucks', 34, 4253, 1942, '2017-08-25 12:53:42'),
(620, 0, 'CELEBREX', 50, 3944, 1885, '2017-10-14 18:54:51'),
(621, 0, 'Stool Softener', 47, 2782, 2611, '2018-01-10 03:12:19'),
(622, 0, 'NoDoz', 30, 2204, 1100, '2018-01-21 07:40:38'),
(623, 0, 'Arnica Aurum Equisetum', 34, 3176, 4052, '2017-05-10 22:04:35'),
(624, 0, 'Symphytum Stannum', 28, 1299, 4729, '2017-09-18 14:17:44'),
(625, 0, 'Protonix', 31, 2420, 4139, '2017-05-12 12:24:03'),
(626, 0, 'Salmon', 48, 3718, 3236, '2017-12-25 10:18:37'),
(627, 0, 'Magnesium Citrate', 45, 4661, 4707, '2017-03-15 14:13:18'),
(628, 0, 'AMRIX', 36, 3249, 1306, '2017-06-19 12:23:17'),
(629, 0, 'Wheat Smut', 37, 4586, 4526, '2017-08-30 16:21:40'),
(630, 0, 'VIRACEPT', 50, 1944, 1750, '2017-11-05 05:00:00'),
(631, 0, 'Vicoprofen', 47, 2205, 4910, '2017-08-03 16:08:01'),
(632, 0, 'Oyster', 37, 2603, 1960, '2017-08-22 15:00:33'),
(633, 0, 'LBEL FILLING EFFECT FOUNDATION SPF 10', 31, 1231, 3148, '2017-05-30 06:07:52'),
(634, 0, 'CD DIORSKIN NUDE SKIN-GLOWING MAKEUP SUNSCREEN BROAD SPECTRUM SPF 15 041 Ochre', 47, 3438, 2391, '2018-01-30 05:07:17'),
(635, 0, 'Renewal Eczema Moisturizing', 24, 2134, 4601, '2018-01-02 01:57:42'),
(636, 0, 'leader pain reliever', 32, 3708, 2474, '2018-01-06 14:05:30'),
(637, 0, 'Simvastatin', 35, 4899, 1006, '2017-04-10 04:15:57'),
(638, 0, 'Omeprazole', 40, 3380, 4653, '2018-03-01 15:56:59'),
(639, 0, 'Promethazine VC With Codeine', 29, 3822, 2833, '2017-09-20 13:52:13'),
(640, 0, 'Cefprozil', 35, 1852, 3039, '2018-02-17 15:38:34'),
(641, 0, 'EZ Nite Sleep', 48, 2488, 2053, '2017-09-06 04:42:13'),
(642, 0, 'Mag-AL Plus', 32, 2497, 2674, '2017-05-19 15:45:33'),
(643, 0, 'Chap-et', 25, 1840, 2101, '2017-05-31 06:55:11'),
(644, 0, 'Rohto Arctic', 42, 3710, 3253, '2017-07-28 15:01:11'),
(645, 0, 'Smart sense Nighttime Severe Cold and Cough', 35, 2884, 1847, '2017-05-30 05:59:26'),
(646, 0, 'Amitriptyline Hydrochloride', 45, 3315, 2609, '2017-06-18 08:55:04'),
(647, 0, 'OXYGEN', 33, 1999, 2464, '2017-06-05 07:25:00'),
(648, 0, 'IBUDONE', 48, 1865, 3303, '2018-02-13 23:18:38'),
(649, 0, '1012 Antimicrobial', 46, 2383, 2156, '2017-04-16 08:12:15'),
(650, 0, 'Wintergreen Isopropyl Alcohol', 21, 4643, 1747, '2017-06-30 21:03:50'),
(651, 0, 'Ursodiol', 50, 2093, 4174, '2017-10-30 20:33:27'),
(652, 0, 'Witch Hazel', 36, 3369, 1132, '2017-03-12 06:43:42'),
(653, 0, 'Ibuprofen', 38, 3680, 3829, '2017-11-03 13:22:11'),
(654, 0, 'Johnson Grass', 35, 4959, 2798, '2017-11-11 17:13:35'),
(655, 0, 'Oxygen', 23, 2955, 4443, '2017-06-25 01:00:01'),
(656, 0, 'Lymph Care', 36, 1959, 3757, '2018-02-24 21:01:38'),
(657, 0, 'MSM (MoSaengMo)', 28, 4537, 3181, '2017-09-12 04:30:44'),
(658, 0, 'Pollens - Weeds and Garden Plants, Ragweed, Mixed Ambrosia', 37, 3471, 1705, '2018-02-10 14:06:41'),
(659, 0, 'Fluocinolone Acetonide', 22, 1015, 3545, '2017-11-24 23:01:56'),
(660, 0, 'Aminophylline', 41, 1208, 3239, '2017-12-11 18:28:12'),
(661, 0, 'Perfecting Mineral Beauty Balm with SPF 9', 39, 2895, 2974, '2017-06-08 21:05:46'),
(662, 0, 'Intervene Makeup SPF 15 Soft Bisque', 33, 3803, 3256, '2017-05-10 12:44:02'),
(663, 0, 'Gabapentin', 21, 4310, 2526, '2018-02-20 13:30:39'),
(664, 0, 'Sodium Chloride', 41, 3555, 1585, '2017-07-13 18:52:12'),
(665, 0, 'Lamotrigine', 36, 3185, 3346, '2017-11-06 12:43:09'),
(666, 0, 'TopCare Cough Relief Honey Lemon Flavor', 25, 3620, 1201, '2018-02-10 15:01:23'),
(667, 0, 'Desert Ragweed Pollen', 34, 2734, 3495, '2018-02-13 01:50:50'),
(668, 0, 'Glipizide', 40, 4535, 2377, '2017-09-17 23:57:35'),
(669, 0, 'GUNA-FLU', 38, 3088, 1232, '2017-07-04 21:59:37'),
(670, 0, '3 CONCEPT EYES GLOSSING WATERFUL FOUNDATION SOFT BEIGE', 48, 1256, 3633, '2017-12-22 05:24:55'),
(671, 0, 'QUERCUS ALBA POLLEN', 29, 1686, 4984, '2017-12-10 09:08:40'),
(672, 0, 'Light Foundation SPF 15', 29, 3607, 3028, '2018-02-27 06:56:17'),
(673, 0, 'Vortex', 27, 2431, 4586, '2018-01-19 15:32:19'),
(674, 0, 'QUICK AND CLEAN OIL FREE SUN', 50, 4771, 2777, '2017-07-18 22:32:37'),
(675, 0, 'nifedipine', 27, 2573, 3777, '2017-09-26 15:31:30'),
(676, 0, 'Olbas Lozenges', 42, 3115, 4948, '2017-07-03 14:09:44'),
(677, 0, 'stila CC color correcting broad-spectrum SPF 20 06 WARM', 39, 3967, 4957, '2018-02-05 02:36:10'),
(678, 0, 'Sinuchron', 32, 2030, 2155, '2017-08-02 19:16:57'),
(679, 0, 'HYDROXYZINE PAMOATE', 44, 3873, 3516, '2018-01-21 08:43:50'),
(680, 0, 'Tall Dock', 43, 3407, 1419, '2017-08-15 15:28:29'),
(681, 0, 'Alprazolam', 25, 2839, 2556, '2017-11-11 00:20:00'),
(682, 0, 'Naproxen', 34, 2308, 2264, '2017-07-30 02:04:12'),
(683, 0, 'Aller-chlor', 31, 3786, 1982, '2017-03-13 07:19:30'),
(684, 0, 'BencoCaine Topical Anesthetic', 23, 3899, 1630, '2017-11-26 07:40:46'),
(685, 0, 'HYDROCODONE BITARTRATE AND ACETAMINOPHEN', 36, 2909, 1060, '2018-02-16 04:20:55'),
(686, 0, 'OPANA ER', 28, 2817, 3707, '2018-03-03 18:28:00'),
(687, 0, 'Icy Hot', 44, 2711, 3908, '2017-03-16 03:23:20'),
(688, 0, 'LES BEIGES', 42, 1012, 1431, '2017-10-27 02:36:59'),
(689, 0, 'acid reducer', 31, 1484, 1200, '2017-12-17 14:00:58'),
(690, 0, 'Alcohol Prep Pads', 41, 1335, 4300, '2017-03-21 06:15:40'),
(691, 0, 'Valsartan and Hydrochlorothiazide', 35, 4615, 3068, '2017-05-05 12:09:52'),
(692, 0, 'Extra Strength Medicated Body', 24, 2363, 2018, '2017-08-05 13:00:33'),
(693, 0, 'SHISEIDO SUN PROTECTION FOUNDATION', 31, 1539, 2752, '2017-03-14 19:59:41'),
(694, 0, 'ULMUS AMERICANA POLLEN', 26, 4696, 3655, '2018-01-27 04:12:05'),
(695, 0, 'Mucus Relief', 34, 1995, 3752, '2017-10-06 01:47:01'),
(696, 0, 'Clonazepam', 25, 1351, 2057, '2017-03-17 14:23:43'),
(697, 0, 'Labetalol hydrochloride', 47, 4946, 2303, '2017-10-19 01:39:30'),
(698, 0, 'COUMADIN', 49, 3293, 4729, '2017-10-27 05:42:06'),
(699, 0, 'Anti-Itch Wal-Dryl', 40, 1719, 4329, '2017-08-21 13:01:14'),
(700, 0, 'Granisetron', 29, 4545, 1425, '2017-03-19 09:39:53'),
(701, 0, 'Advanced', 24, 1766, 2097, '2017-11-18 04:19:02'),
(702, 0, 'Trifluoperazine Hydrochloride', 36, 2622, 3114, '2017-11-23 23:47:06'),
(703, 0, 'SUNMARK TUSSIN CF', 42, 1485, 1744, '2017-11-20 10:58:59'),
(704, 0, 'Vitafol OB', 50, 2391, 2852, '2018-01-16 06:02:57'),
(705, 0, 'American Beech', 43, 3843, 4362, '2017-03-26 13:50:41'),
(706, 0, 'Catapres', 47, 4410, 1289, '2017-10-14 19:38:25'),
(707, 0, 'Promethazine HCl', 37, 1172, 4673, '2018-02-17 18:16:23'),
(708, 0, 'Axe Clinical Protection', 21, 3801, 3305, '2017-12-02 13:53:23'),
(709, 0, 'VENLAFAXINE HYDROCHLORIDE', 46, 1050, 2341, '2017-11-19 22:46:08'),
(710, 0, 'Gerbil Epithelium', 24, 1539, 4251, '2017-06-06 04:03:15'),
(711, 0, 'Buspirone hydrochloride', 43, 3538, 2676, '2017-11-20 22:49:29'),
(712, 0, 'Halls', 31, 3224, 4047, '2017-06-08 10:08:28'),
(713, 0, 'Hydrocortisone Maximum Strength', 32, 3903, 1775, '2017-06-18 12:05:16'),
(714, 0, 'Ciprofloxacin', 49, 2199, 3770, '2017-10-13 07:32:15'),
(715, 0, 'Tarceva', 45, 3405, 3657, '2017-05-17 23:36:11');
INSERT INTO `barang` (`id_barang`, `id_produsen`, `nama_barang`, `stok_barang`, `harga_jual`, `harga_beli`, `created`) VALUES
(716, 0, 'anti itch', 21, 4136, 2902, '2017-11-02 13:04:47'),
(717, 0, 'BRIGHTER BY NATURE', 24, 1433, 3914, '2017-07-16 18:18:14'),
(718, 0, 'PHYTONADIONE', 44, 2591, 4896, '2017-07-16 15:09:23'),
(719, 0, 'ARNICA PLUS MUSCLE AND JOINT PAIN', 50, 4511, 1410, '2017-08-05 13:03:50'),
(720, 0, 'Gentamicin Sulfate', 45, 1097, 1369, '2017-05-05 01:12:32'),
(721, 0, 'Loratadine ODT', 30, 4891, 1907, '2017-12-24 20:06:25'),
(722, 0, 'ANTIBACTERIAL FOAMING', 41, 3211, 4567, '2017-09-06 14:24:07'),
(723, 0, 'Propranolol Hydrochloride', 49, 4886, 2576, '2017-12-09 00:23:22'),
(724, 0, 'PROAIR', 27, 3228, 4980, '2017-05-04 19:25:08'),
(725, 0, 'Bodycology', 47, 1627, 2626, '2017-06-30 19:38:59'),
(726, 0, 'nasal decongestant', 21, 2460, 1378, '2017-10-31 23:07:04'),
(727, 0, 'TIZANIDINE', 38, 1064, 2267, '2017-11-25 17:45:04'),
(728, 0, 'Topiramate', 44, 4360, 2753, '2017-06-30 01:31:22'),
(729, 0, 'Duck Meat', 43, 4273, 1466, '2017-04-25 09:00:58'),
(730, 0, 'Dog Fennel', 27, 1156, 4586, '2017-09-07 21:25:42'),
(731, 0, 'Cromolyn Sodium', 23, 3808, 2771, '2017-06-28 06:58:45'),
(732, 0, 'PANTOPRAZOLE SODIUM', 24, 3395, 3884, '2017-08-01 11:14:38'),
(733, 0, 'Cytogam', 39, 1422, 3056, '2017-11-06 23:33:36'),
(734, 0, 'White Fish', 26, 1062, 4449, '2017-04-25 18:36:12'),
(735, 0, 'Rohto Hydra', 23, 4257, 3323, '2017-12-16 20:23:00'),
(736, 0, 'Alprazolam', 45, 1301, 1489, '2017-09-16 21:35:57'),
(737, 0, 'Adderall', 42, 1091, 2878, '2017-06-27 20:59:58'),
(738, 0, 'ADVATE', 42, 2796, 1683, '2018-02-10 10:34:55'),
(739, 0, 'Prevacid', 23, 1868, 4931, '2018-03-01 07:32:39'),
(740, 0, 'flormar REBORN BB SUNSCREEN BROAD SPECTRUM SPF 30 CP19 Natural Beige', 30, 1775, 4242, '2017-04-25 11:49:13'),
(741, 0, 'Berkley and Jensen Acid Controller', 35, 4791, 4622, '2017-03-17 04:50:23'),
(742, 0, 'SPF30 EVERYDAY/YEAR-ROUND SUNSCREEN', 47, 3246, 2659, '2017-05-27 06:59:53'),
(743, 0, 'Valsartan and Hydrochlorothiazide', 27, 4864, 1670, '2017-09-30 09:15:09'),
(744, 0, 'Montelukast Sodium', 47, 1378, 4130, '2017-04-26 01:23:30'),
(745, 0, 'Medique Alcalak', 37, 3366, 3750, '2017-12-09 08:19:44'),
(746, 0, 'HAVRIX', 36, 2223, 4888, '2017-04-22 11:53:04'),
(747, 0, 'lisinopril', 25, 3915, 3256, '2018-01-03 18:35:39'),
(748, 0, 'Neutrogena Shine Control Makeup', 41, 2488, 2283, '2017-05-28 13:02:09'),
(749, 0, 'Mucinex Fast-Max', 39, 3298, 1701, '2017-06-02 07:17:38'),
(750, 0, 'DHC', 23, 1765, 1630, '2017-08-24 16:25:53'),
(751, 0, 'Anhydrous SPF 30', 35, 3098, 2982, '2017-05-30 07:26:15'),
(752, 0, 'Non Aspirin PM', 49, 3112, 4669, '2017-06-11 20:18:32'),
(753, 0, 'Dextrose And Sodium Chloride', 47, 2735, 2224, '2018-02-23 05:06:10'),
(754, 0, 'Standardized Mite, Dermatophagoides farinae, Bulk, 10000 AU per mL', 27, 3959, 4468, '2018-02-17 06:14:16'),
(755, 0, 'Curad Oral Saline Laxative', 29, 4496, 2207, '2018-01-20 10:52:42'),
(756, 0, 'Instant Hand Sanitizer Gel', 32, 1942, 1932, '2017-09-10 18:56:48'),
(757, 0, 'White Mulberry', 42, 1543, 1587, '2017-07-27 03:53:29'),
(758, 0, 'Opcon-A', 46, 4020, 4354, '2017-08-25 03:29:44'),
(759, 0, 'BANANA BOAT', 40, 4134, 2190, '2017-09-06 13:53:19'),
(760, 0, 'Budpak Baby', 42, 1473, 3347, '2017-10-09 21:05:19'),
(761, 0, 'LYSOL Healthy Touch', 43, 4961, 3440, '2017-08-31 14:15:49'),
(762, 0, 'Lisinopril 2.5mg', 30, 3341, 1906, '2018-01-27 04:51:58'),
(763, 0, 'mally Poreless Perfection Glowing Foundation Rich', 45, 1309, 3751, '2017-07-07 20:12:10'),
(764, 0, 'Vexol', 27, 4896, 2091, '2017-07-23 11:44:40'),
(765, 0, 'Day Time Cold Multi-Symptom Severe', 40, 4090, 4854, '2017-12-26 07:07:32'),
(766, 0, 'PrismaSol', 31, 2686, 3467, '2017-09-30 21:21:49'),
(767, 0, 'Glimepiride', 29, 2547, 4819, '2017-11-26 13:43:33'),
(768, 0, 'Fast Arthritis Aid', 38, 4464, 4025, '2017-04-12 01:09:24'),
(769, 0, 'enMotion Foam Hand Sanitizer w-Moisturizers, Fragrance Free', 37, 2125, 2469, '2017-11-24 11:01:22'),
(770, 0, 'Good Sense Severe Sinus Congestion', 39, 4428, 1100, '2017-03-13 17:46:03'),
(771, 0, 'Soleo Organics Sunscreen', 34, 3316, 2423, '2018-01-03 04:50:40'),
(772, 0, 'Smart Sense Nasal Decongestant', 38, 4394, 2401, '2018-01-11 04:29:27'),
(773, 0, 'Nitroglycerin Transdermal Delivery System', 21, 2048, 1577, '2018-01-25 18:00:54'),
(774, 0, 'Cytomel', 39, 1924, 4580, '2018-01-06 23:05:51'),
(775, 0, 'Berberis Vulgaris', 22, 2030, 1346, '2017-12-27 09:12:34'),
(776, 0, 'Ranitidine', 37, 2980, 4617, '2017-06-30 22:00:22'),
(777, 0, 'Glimepiride', 45, 2632, 3362, '2018-02-21 19:15:10'),
(778, 0, 'Fentanyl', 28, 1196, 3397, '2018-01-11 12:03:23'),
(779, 0, 'Kidney Stone Clear', 25, 2541, 4884, '2017-07-11 09:15:48'),
(780, 0, 'METHYLPHENIDATE HYDROCHLORIDE', 25, 1492, 4475, '2017-10-23 10:28:21'),
(781, 0, 'Topcare Childrens Cold and Allergy Elixer', 32, 4356, 1874, '2017-11-13 22:34:22'),
(782, 0, 'METFORMIN HYDROCHLORIDE', 26, 2278, 1784, '2017-11-05 05:34:57'),
(783, 0, 'SUPER AQUA MAX WHITE C EYE BRIGHTENER', 48, 1889, 2898, '2017-12-02 17:32:09'),
(784, 0, 'Cold Cough', 47, 2918, 3475, '2017-04-05 10:26:29'),
(785, 0, 'LUICHEL SHINY CAKE NO 33', 40, 3156, 1991, '2017-12-25 04:53:38'),
(786, 0, 'Too Faced BB Creme Complete Coverage Make-Up', 35, 1467, 3879, '2018-02-15 11:22:41'),
(787, 0, 'Pollens - Trees, Boxelder/Maple Mix', 42, 2703, 1002, '2017-07-21 16:50:24'),
(788, 0, 'Triacting Night Time Cold and Cough', 29, 1639, 1216, '2017-07-17 02:41:40'),
(789, 0, 'Neurospora intermedia', 36, 4828, 2777, '2018-02-11 04:17:01'),
(790, 0, 'METFORMIN HYDROCHLORIDE', 48, 4626, 2923, '2017-09-27 08:53:52'),
(791, 0, 'Fosinopril Sodium', 49, 1663, 3901, '2017-04-05 00:40:00'),
(792, 0, 'Protonix', 44, 3293, 3863, '2017-06-22 19:17:21'),
(793, 0, 'methylphenidate hydrochloride', 37, 3142, 4624, '2017-08-31 00:38:38'),
(794, 0, 'Bactoshield CHG', 26, 4095, 1070, '2017-10-08 15:14:19'),
(795, 0, 'Neutrogena Shine Control Makeup', 27, 1945, 4930, '2017-09-01 07:18:30'),
(796, 0, 'Sumatriptan Succinate', 23, 2745, 3118, '2017-11-06 00:03:34'),
(797, 0, 'CANASA', 36, 4057, 2112, '2018-02-24 00:42:49'),
(798, 0, 'Omeprazole', 33, 3514, 2906, '2017-04-02 22:19:25'),
(799, 0, 'Allopurinol', 21, 3885, 1120, '2017-12-03 19:32:54'),
(800, 0, 'Loxapine Succinate', 49, 4547, 2268, '2017-06-30 16:39:58'),
(801, 0, 'Cyclobenzaprine Hydrochloride', 30, 4813, 1213, '2017-09-15 16:12:21'),
(802, 0, 'MEDI-DERM / L WITH LIDOCAINE', 33, 4000, 4843, '2017-08-23 04:07:44'),
(803, 0, 'Margesic', 23, 3974, 2110, '2017-11-28 19:19:45'),
(804, 0, 'Sole', 27, 2513, 2091, '2017-04-02 04:28:23'),
(805, 0, 'DURAGESIC', 20, 4007, 1941, '2018-02-16 23:20:56'),
(806, 0, 'BLATELLA GERMANICA', 31, 1375, 4720, '2017-11-27 11:47:37'),
(807, 0, 'Indomethacin', 31, 2278, 4105, '2017-12-29 17:24:24'),
(808, 0, 'FIBRICOR', 22, 4730, 4363, '2017-07-28 13:39:16'),
(809, 0, 'MINTOX', 34, 2813, 4845, '2017-05-23 04:51:54'),
(810, 0, 'Naproxen Sodium', 31, 1226, 3986, '2018-01-24 13:05:38'),
(811, 0, 'Jason Sea Fresh Anticavity Strengthening Deep Sea Spearmint', 24, 4377, 4125, '2018-02-08 13:46:24'),
(812, 0, 'Enalapril Maleate', 30, 2152, 4578, '2017-03-14 07:45:44'),
(813, 0, 'ESIKA PERFECT SKIN COVERAGE CONCEALER SPF 17', 33, 4035, 2489, '2018-01-22 02:42:28'),
(814, 0, 'Neutrogena MoistureShine Lip Soother', 29, 3889, 2517, '2017-10-23 00:34:35'),
(815, 0, 'Isomers Clear Skin Acne Spot Treatment', 47, 2968, 3052, '2017-04-26 09:18:25'),
(816, 0, 'HYDROXYZINE PAMOATE', 33, 1947, 1493, '2017-04-25 20:04:22'),
(817, 0, 'Smart San Hand Sanitizer Spray Fragrenace-Free', 34, 1895, 3906, '2017-09-25 11:23:56'),
(818, 0, 'Lidocaine Hydrochloride', 21, 3750, 3450, '2018-02-23 20:23:02'),
(819, 0, 'Clonidine Hydrochloride', 48, 1560, 3318, '2017-03-30 09:16:43'),
(820, 0, 'Buspirone HCl', 42, 3296, 3322, '2018-01-25 02:15:09'),
(821, 0, 'Sodium Phosphates', 47, 4291, 2182, '2017-10-08 03:20:45'),
(822, 0, 'sweet love hand sanitizer', 50, 2222, 2118, '2017-09-12 18:35:35'),
(823, 0, '7 Select Ibuprofen PM', 27, 1422, 3411, '2017-04-12 15:11:13'),
(824, 0, 'Loratadine', 32, 1263, 1271, '2018-02-06 09:30:18'),
(825, 0, 'Thiothixene', 48, 2644, 3480, '2017-12-05 03:37:26'),
(826, 0, 'Australian Gold', 36, 4502, 4866, '2017-03-08 04:16:48'),
(827, 0, 'Acyclovir', 30, 4085, 4755, '2018-02-20 05:34:22'),
(828, 0, 'Monistat 3 Combination Pack', 38, 3492, 1679, '2017-06-22 00:04:53'),
(829, 0, 'PANTOPRAZOLE SODIUM', 41, 2827, 4805, '2017-10-01 05:29:37'),
(830, 0, 'Kit for the Preparation of Technetium Tc99m Sestamibi Injection', 34, 3929, 1179, '2017-03-13 17:08:10'),
(831, 0, 'ConRx NightTime', 46, 1180, 4554, '2017-07-15 07:54:02'),
(832, 0, 'MORPHINE SULFATE', 28, 3508, 2284, '2017-06-17 10:23:21'),
(833, 0, 'Carbamazepine', 29, 1256, 3896, '2017-05-09 19:04:56'),
(834, 0, 'Midazolam', 33, 2757, 3095, '2017-10-31 03:43:09'),
(835, 0, 'Aspirin-Free Tension Headache', 42, 2003, 4611, '2017-03-28 01:30:32'),
(836, 0, 'Fenofibrate', 24, 1799, 1656, '2017-12-06 04:11:21'),
(837, 0, 'Digoxin', 21, 4833, 2880, '2017-06-21 19:04:31'),
(838, 0, 'CHILDRENS DIMETAPP NIGHTTIME COLD AND CONGESTION', 35, 3246, 2826, '2017-06-27 14:51:58'),
(839, 0, 'ESIKA', 24, 2781, 1644, '2018-01-09 16:57:52'),
(840, 0, 'Fluocinolone Acetonide', 32, 3022, 3229, '2017-03-11 12:16:12'),
(841, 0, 'Keppra', 46, 3936, 3286, '2017-08-26 03:01:18'),
(842, 0, 'Oxcarbazepine', 24, 3788, 1156, '2017-10-10 05:58:56'),
(843, 0, 'Humulin N', 37, 4043, 3659, '2018-01-06 20:32:32'),
(844, 0, 'SUNMARK NICOTINE TRANSDERMAL SYSTEM', 49, 2718, 4617, '2017-08-22 16:10:22'),
(845, 0, 'ISENTRESS', 39, 2487, 2305, '2017-06-23 03:23:58'),
(846, 0, 'Calcium', 31, 2829, 4048, '2017-06-18 09:39:37'),
(847, 0, 'Mizani Scalp Care PreTreatment Antidandruff Treatment', 40, 4269, 4240, '2017-09-22 20:04:13'),
(848, 0, 'Tolterodine Tartrate', 33, 1181, 2433, '2017-04-22 04:47:04'),
(849, 0, 'Theophylline', 31, 2203, 2183, '2018-01-07 10:37:43'),
(850, 0, 'Glycine', 32, 2155, 4208, '2017-03-29 22:08:36'),
(851, 0, 'Pollens - Trees, Oak, Red Quercus rubra', 42, 1347, 1014, '2017-09-01 14:42:59'),
(852, 0, 'ONDANSETRON HYDROCHLORIDE', 43, 3917, 4036, '2017-11-03 06:36:12'),
(853, 0, 'Ondansetron', 29, 4368, 1126, '2017-05-04 11:00:56'),
(854, 0, 'ULTRACET', 50, 3295, 3454, '2017-05-11 10:18:08'),
(855, 0, 'Ropinirole Hydrochloride', 31, 1559, 2447, '2018-01-01 03:44:30'),
(856, 0, 'SHISEIDO UV PROTECTIVE FOUNDATION', 35, 1976, 4705, '2017-10-04 07:09:41'),
(857, 0, 'Promethazine Hydrochloride', 20, 1988, 1051, '2017-04-03 20:07:58'),
(858, 0, 'Carisoprodol', 43, 1878, 3676, '2018-02-17 05:41:50'),
(859, 0, 'Dorzolamide Hydrochloride and Timolol Maleate', 50, 3750, 1734, '2017-11-07 15:04:46'),
(860, 0, 'STEMPHYLIUM SOLANI', 37, 1137, 2592, '2018-02-11 00:36:28'),
(861, 0, 'Annual Blue Grass', 34, 3910, 4099, '2018-01-11 23:01:08'),
(862, 0, 'AQUAFRESH', 47, 4807, 4176, '2017-08-28 10:58:10'),
(863, 0, 'COMETRIQ', 43, 2440, 2329, '2017-03-18 12:09:02'),
(864, 0, 'MBM 2 Gallbladder', 48, 2997, 4790, '2017-04-03 08:57:02'),
(865, 0, 'La Roche Posay Laboratoire Dermatologique Pigmentclar Daily Dark Spot Correcting Moisturizer Broad S', 40, 4175, 4614, '2017-04-07 08:33:49'),
(866, 0, 'good sense anti itch', 48, 3416, 4949, '2017-05-26 04:49:58'),
(867, 0, 'EpiPen', 44, 2400, 4676, '2017-04-06 08:37:10'),
(868, 0, 'UNASYN', 36, 3237, 4988, '2017-09-01 14:57:33'),
(869, 0, 'Food - Plant Source, String Bean Mix', 49, 2185, 4578, '2018-01-20 10:28:43'),
(870, 0, 'Medline Enema', 35, 1602, 3413, '2017-05-31 06:12:09'),
(871, 0, 'Doxycycline Hyclate', 48, 1713, 2298, '2017-10-10 19:36:11'),
(872, 0, 'Clarithromycin', 32, 4891, 2190, '2017-05-05 08:03:20'),
(873, 0, 'Amlodipine Besylate', 39, 3327, 1830, '2017-10-08 13:18:34'),
(874, 0, 'Prevail', 43, 4440, 1546, '2017-11-30 08:25:50'),
(875, 0, 'Trandolapril', 35, 1393, 3403, '2017-10-14 00:36:23'),
(876, 0, 'Repara', 27, 4301, 3597, '2017-09-14 00:55:16'),
(877, 0, 'Furosemide', 21, 1921, 1563, '2018-03-02 04:41:26'),
(878, 0, 'Cosmeceutical Mask Pack', 23, 1465, 1249, '2017-08-27 13:29:42'),
(879, 0, 'Renaforce', 29, 1953, 4796, '2017-06-24 20:29:00'),
(880, 0, 'Sensitive', 38, 4109, 1599, '2017-09-12 19:16:08'),
(881, 0, 'Opana ER', 32, 3226, 4054, '2017-04-22 14:56:12'),
(882, 0, 'Bumooly-S', 46, 4506, 4984, '2018-01-08 04:59:12'),
(883, 0, 'Treatment Set TS339754', 35, 2226, 1878, '2017-03-16 10:35:39'),
(884, 0, 'Tolnaftate', 43, 2491, 4800, '2017-06-01 07:29:24'),
(885, 0, 'Polyethylene Glycol 3350', 37, 3769, 3804, '2017-12-14 19:24:48'),
(886, 0, 'CS Brain', 22, 4838, 3527, '2017-09-01 20:32:03'),
(887, 0, 'Crest plus Scope and extra whitening', 27, 4886, 3481, '2018-01-05 18:25:42'),
(888, 0, 'ENLIGHTEN EE EVEN EFFECT SKIN TONE CORRECTOR SPF BROAD SPECTRUM SPF 30', 26, 1730, 2633, '2017-05-25 08:01:37'),
(889, 0, 'CENTER-AL - ARTEMISIA TRIDENTATA POLLEN', 34, 1421, 4769, '2018-01-26 02:21:11'),
(890, 0, 'ZENPEP', 33, 2229, 2142, '2017-07-29 08:41:11'),
(891, 0, 'Clorazepate Dipotassium', 26, 2708, 3154, '2017-09-23 23:20:45'),
(892, 0, 'Duck Feathers', 27, 4134, 3604, '2017-09-26 00:53:44'),
(893, 0, 'Prometh with Codeine', 35, 3166, 4116, '2017-07-01 04:32:02'),
(894, 0, 'PROMETHEGAN', 20, 1566, 3133, '2018-01-27 08:31:49'),
(895, 0, 'Citrus Basil and Lime Antibacterial Hand Wash', 33, 3384, 3056, '2018-01-14 08:28:09'),
(896, 0, 'Risperidone', 43, 3776, 1212, '2017-11-30 11:46:09'),
(897, 0, 'PENTOXIFYLLINE', 38, 1206, 3266, '2017-12-01 05:37:46'),
(898, 0, 'Clean and Gentle', 29, 3367, 2657, '2017-06-23 07:33:29'),
(899, 0, 'Gabapentin', 50, 2830, 4711, '2017-08-19 13:25:47'),
(900, 0, 'Metoprolol succinate', 38, 3851, 2007, '2017-10-18 18:32:31'),
(901, 0, 'Butrans', 42, 3777, 3559, '2017-04-12 12:01:43'),
(902, 0, 'Triamterene and Hydrochlorothiazide', 30, 2561, 1170, '2017-11-16 19:56:37'),
(903, 0, 'Gabapentin', 30, 2450, 2583, '2017-12-11 13:40:25'),
(904, 0, 'Colgate', 44, 4256, 1642, '2018-02-18 05:05:16'),
(905, 0, 'Assured Instant Hand Sanitizer', 44, 1391, 2893, '2017-04-19 02:03:46'),
(906, 0, 'ESIKA', 28, 4534, 1226, '2017-09-12 18:18:00'),
(907, 0, 'CVS PHARMACY', 35, 2586, 1825, '2017-11-16 10:44:06'),
(908, 0, 'Metoclopramide', 39, 1201, 1536, '2017-08-15 13:30:32'),
(909, 0, 'Candida Plus', 37, 2857, 3339, '2018-02-01 23:48:02'),
(910, 0, 'Lithium Carbonate', 44, 2774, 2726, '2018-01-11 01:52:57'),
(911, 0, 'Methocarbamol', 40, 2394, 2632, '2017-09-20 18:09:16'),
(912, 0, 'LBEL MAXIMUM COMFORT AND LONG-LASTING FOUNDATION SPF 10', 32, 3622, 2667, '2017-12-16 23:32:28'),
(913, 0, 'Methotrexate', 24, 1072, 3228, '2018-02-04 10:58:26'),
(914, 0, 'Hydrocodone Acetaminophen', 34, 2916, 2401, '2017-06-17 03:56:24'),
(915, 0, 'Doxycycline', 40, 2579, 2382, '2017-09-04 00:25:35'),
(916, 0, 'Galena Larix Special Order', 50, 2736, 1270, '2017-09-04 08:28:29'),
(917, 0, 'Paroxetine', 44, 2924, 1277, '2017-10-04 20:34:50'),
(918, 0, 'Extra Strength Mapap', 44, 1359, 1053, '2017-07-29 22:11:23'),
(919, 0, 'INDOMETHACIN', 26, 4676, 4502, '2017-05-14 08:15:08'),
(920, 0, 'ENBREL', 37, 4165, 3522, '2017-12-09 06:30:48'),
(921, 0, 'Grain and Seed Antigen', 44, 4607, 4971, '2017-07-01 00:42:24'),
(922, 0, 'Disney PIXAR Monsters University Antibacterial Hand Wipes', 32, 4864, 4655, '2017-06-15 09:01:55'),
(923, 0, 'PYRETHRUM CINERARIIFOLIUM', 22, 2735, 2502, '2017-11-27 05:23:45'),
(924, 0, 'BAROX', 30, 1174, 1405, '2017-09-24 11:56:41'),
(925, 0, 'Severe Sinus Congestion and Pain Daytime', 38, 2881, 1871, '2017-05-16 02:07:56'),
(926, 0, 'Allergy', 29, 1904, 1771, '2017-11-11 00:34:35'),
(927, 0, 'Glipizide', 28, 4952, 2486, '2017-09-17 09:41:17'),
(928, 0, 'SHISEIDO PERFECT REFINING FOUNDATION', 38, 1606, 4393, '2017-09-30 07:37:43'),
(929, 0, 'FENOFIBRATE', 44, 1550, 1388, '2018-01-15 19:03:41'),
(930, 0, 'HAMSOA DR ATOBY MIST', 27, 2948, 1435, '2017-10-20 11:13:20'),
(931, 0, 'Cephalexin', 28, 1094, 2249, '2017-03-31 10:20:44'),
(932, 0, 'STOOL SOFTENER DOCUSATE SODIUM 50 MG', 31, 1536, 3383, '2017-06-12 01:07:55'),
(933, 0, 'Soma', 33, 2713, 4933, '2017-09-18 22:51:54'),
(934, 0, 'AQUA COLLAGEN SOLUTION EYE TREATMENT MASK', 42, 4385, 3018, '2017-08-07 17:50:23'),
(935, 0, 'BETULA LENTA POLLEN', 28, 3782, 1076, '2018-02-06 20:10:32'),
(936, 0, 'Denta 5000 Plus', 25, 4819, 2202, '2017-09-18 02:10:01'),
(937, 0, 'QUARTETTE', 30, 1019, 4783, '2017-06-30 20:48:05'),
(938, 0, 'Secret Fresh Effects', 48, 3684, 1212, '2017-09-04 19:46:36'),
(939, 0, 'Cut Care Alcohol Prep Pad', 37, 4110, 3207, '2017-06-03 14:45:25'),
(940, 0, 'White Oak Pollen', 39, 4579, 1895, '2017-09-07 04:21:53'),
(941, 0, 'Colgate', 25, 1644, 1977, '2017-11-18 06:52:39'),
(942, 0, 'Sevelamer Carbonate', 27, 4136, 3430, '2017-11-11 14:06:42'),
(943, 0, 'Megestrol Acetate', 40, 4121, 4019, '2017-03-29 21:30:34'),
(944, 0, 'ACREMONIUM STRICTUM', 23, 4756, 1782, '2018-01-25 11:36:44'),
(945, 0, 'Perform', 21, 3429, 2212, '2018-01-08 04:40:58'),
(946, 0, 'careone antacid', 36, 4731, 4144, '2017-08-22 06:08:33'),
(947, 0, 'SMITH BROS NIGHT TIME COUGH and CONGESTION', 22, 3755, 4633, '2017-11-28 00:34:44'),
(948, 0, 'Pleo Usnea', 43, 3431, 3707, '2017-05-24 07:36:40'),
(949, 0, 'ORIGINAL POWER HYDRO AMPOULE', 35, 3667, 3471, '2017-09-15 16:32:45'),
(950, 0, 'Levetiracetam', 34, 2999, 1986, '2017-12-23 18:04:05'),
(951, 0, 'Homeopathic Fear and Anxiety Formula', 26, 4290, 3858, '2017-09-16 06:02:52'),
(952, 0, 'Hydromorphone HCl', 42, 2194, 3907, '2017-06-14 15:40:01'),
(953, 0, 'ACETAMINOPHEN', 39, 2428, 2762, '2018-02-21 22:27:24'),
(954, 0, 'DOXEPIN HYDROCHLORIDE', 50, 4659, 3305, '2017-06-04 14:52:10'),
(955, 0, 'LEXAPRO', 47, 2645, 3877, '2017-10-19 07:43:23'),
(956, 0, 'Estradiol', 48, 4151, 2826, '2017-04-26 00:27:29'),
(957, 0, 'Ciprofloxacin', 23, 2323, 3267, '2017-03-20 16:22:39'),
(958, 0, 'KIDS EAR RELIEF', 27, 2961, 2424, '2017-04-03 00:11:21'),
(959, 0, 'Pomegranate Hand Sanitizer', 29, 4939, 3863, '2017-03-23 04:19:38'),
(960, 0, 'Microban Unscented', 21, 3398, 2643, '2017-08-16 03:38:13'),
(961, 0, 'Personal Care Pyrithione Zinc Dandruff', 50, 2081, 2759, '2017-07-16 04:23:46'),
(962, 0, 'Curad Saline Laxative', 45, 4099, 3639, '2017-05-16 05:26:55'),
(963, 0, 'Aspirin', 48, 4038, 1753, '2018-03-01 07:15:55'),
(964, 0, 'Self Pity', 34, 4660, 4983, '2017-10-14 08:09:14'),
(965, 0, 'Lyrica', 22, 1936, 3293, '2017-06-06 05:13:07'),
(966, 0, 'severe sinus', 33, 3963, 4037, '2017-09-08 07:04:43'),
(967, 0, 'ADSOL Red Cell Preservation Solution System in Plastic Container (PL 146 Plastic)', 48, 1020, 1454, '2017-12-30 18:15:15'),
(968, 0, 'Stavudine', 45, 4210, 2253, '2017-12-04 03:34:21'),
(969, 0, 'Pumpkin Spice Antibacterial Foaming Hand Wash', 26, 4497, 3267, '2017-04-26 14:01:43'),
(970, 0, 'Tummy Aches and Gas', 28, 3246, 3779, '2017-05-12 23:25:31'),
(971, 0, 'Phytonadione', 34, 2468, 1614, '2017-03-22 05:46:36'),
(972, 0, 'Fluconazole', 29, 2712, 2469, '2017-04-04 21:00:39'),
(973, 0, 'Methylphenidate Hydrochloride', 29, 4569, 1462, '2017-11-12 01:53:56'),
(974, 0, 'Care One Pain Relief', 41, 3462, 4619, '2017-08-30 17:04:32'),
(975, 0, 'Quetiapine Fumarate', 44, 3923, 2208, '2017-07-25 19:44:17'),
(976, 0, 'Russian Thistle', 26, 3081, 3373, '2017-08-14 11:50:43'),
(977, 0, 'Cefuroxime Axetil For Oral Suspension', 46, 2050, 1919, '2017-04-12 11:43:30'),
(978, 0, 'Gemcitabine Hydrochloride', 50, 1136, 2670, '2017-11-01 08:05:40'),
(979, 0, 'Anpitua Stim', 36, 1162, 2227, '2017-05-19 21:11:10'),
(980, 0, 'isosorbide mononitrate', 45, 4187, 4510, '2017-12-14 08:04:50'),
(981, 0, 'Neutrogena Naturals Acne Spot Treatment', 42, 1447, 2598, '2017-03-14 03:13:29'),
(982, 0, 'smart sense nighttime', 30, 1795, 2641, '2018-02-13 15:54:19'),
(983, 0, 'Nitrogen', 45, 2180, 1684, '2017-04-20 05:09:16'),
(984, 0, 'Water Oak', 45, 2240, 2409, '2018-02-10 19:30:57'),
(985, 0, 'HEMORRHOIDS PROCTALGIA', 37, 1380, 3649, '2017-09-26 02:16:03'),
(986, 0, 'Levalbuterol Hydrochloride', 25, 1924, 3621, '2017-09-08 13:47:55'),
(987, 0, 'Select Brand Sunscreen', 30, 3860, 3285, '2017-09-16 12:43:00'),
(988, 0, 'Voltaren', 43, 2084, 2565, '2018-02-18 21:57:34'),
(989, 0, 'Sodium Chloride', 33, 4824, 4318, '2017-07-27 08:22:56'),
(990, 0, 'Hydrocodone Bitartrate and Acetaminophen', 48, 4521, 3839, '2017-03-28 02:10:43'),
(991, 0, 'all day allergy relief', 22, 4837, 3750, '2017-04-15 21:07:39'),
(992, 0, 'Oralone', 33, 4744, 1136, '2017-06-15 00:39:38'),
(993, 0, 'Degree Women Shower Clean', 0, 3004, 3770, '2018-01-02 07:39:01'),
(994, 0, 'Germ Bullet', 44, 3857, 2367, '2017-03-12 09:26:48'),
(995, 0, 'SUPRAX', 29, 4335, 4732, '2017-04-24 14:42:47'),
(996, 0, 'MEPROBAMATE', 47, 3275, 4523, '2017-10-22 13:56:33'),
(997, 0, 'Stratuscare Milk of Magnesia', 25, 1192, 2369, '2017-11-16 17:27:29'),
(998, 0, 'Atorvastatin Calcium', 32, 2927, 4776, '2017-03-09 02:58:14'),
(999, 0, 'Pilocarpine hydrochloride', 32, 4041, 2850, '2017-12-13 18:14:13'),
(1000, 0, 'Dicyclomine Hydrochloride', 47, 1467, 4395, '2017-03-22 01:30:26'),
(1001, 0, 'permen sugus', 20, 2000, 1500, '2018-03-10 10:10:59'),
(1002, 2, 'Coki', 20, 1000, 500, '2018-03-10 17:37:34'),
(1003, 2, 'cokolator', 31, 2000, 500, '2018-03-10 17:53:03'),
(1004, 2, 'Frutang', 59, 2000, 500, '2018-03-10 17:53:50'),
(1005, 1, 'Bolu', 59, 5000, 3500, '2018-03-11 07:35:08'),
(1006, 3, 'Mie', 78, 2500, 1500, '2018-03-11 07:38:24'),
(1007, 3, 'Kinderjoey', 50, 6000, 5000, '2018-03-11 09:19:42');

-- --------------------------------------------------------

--
-- Table structure for table `log_pembelian`
--

CREATE TABLE `log_pembelian` (
  `id_log_pembelian` int(11) NOT NULL,
  `id_pembelian` int(11) NOT NULL,
  `id_barang` int(11) NOT NULL,
  `jumlah_barang` int(11) NOT NULL,
  `created` datetime NOT NULL
) ENGINE=InnoDB DEFAULT CHARSET=latin1;

-- --------------------------------------------------------

--
-- Table structure for table `log_penjualan`
--

CREATE TABLE `log_penjualan` (
  `id_log_penjualan` int(11) NOT NULL,
  `id_penjualan` int(11) NOT NULL,
  `id_barang` int(11) NOT NULL,
  `jumlah_barang` int(11) NOT NULL,
  `created` datetime NOT NULL
) ENGINE=InnoDB DEFAULT CHARSET=latin1;

--
-- Dumping data for table `log_penjualan`
--

INSERT INTO `log_penjualan` (`id_log_penjualan`, `id_penjualan`, `id_barang`, `jumlah_barang`, `created`) VALUES
(1, 0, 5, 3, '0000-00-00 00:00:00'),
(2, 0, 6, 5, '0000-00-00 00:00:00'),
(3, 0, 4, 3, '0000-00-00 00:00:00'),
(4, 0, 57, 5, '0000-00-00 00:00:00'),
(5, 0, 946, 2, '0000-00-00 00:00:00'),
(6, 0, 949, 3, '0000-00-00 00:00:00'),
(7, 0, 1, 5, '0000-00-00 00:00:00'),
(8, 0, 3, 3, '0000-00-00 00:00:00'),
(9, 0, 6, 2, '0000-00-00 00:00:00'),
(10, 0, 2, 3, '0000-00-00 00:00:00'),
(11, 0, 18, 5, '0000-00-00 00:00:00'),
(12, 0, 20, 2, '0000-00-00 00:00:00'),
(13, 0, 2, 3, '0000-00-00 00:00:00'),
(14, 0, 18, 5, '0000-00-00 00:00:00'),
(15, 0, 20, 2, '0000-00-00 00:00:00'),
(16, 0, 2, 3, '0000-00-00 00:00:00'),
(17, 0, 18, 5, '0000-00-00 00:00:00'),
(18, 0, 20, 2, '0000-00-00 00:00:00'),
(19, 0, 2, 3, '0000-00-00 00:00:00'),
(20, 0, 18, 5, '0000-00-00 00:00:00'),
(21, 0, 20, 2, '0000-00-00 00:00:00'),
(22, 0, 2, 3, '0000-00-00 00:00:00'),
(23, 0, 18, 5, '0000-00-00 00:00:00'),
(24, 0, 20, 2, '0000-00-00 00:00:00'),
(25, 0, 2, 3, '0000-00-00 00:00:00'),
(26, 0, 18, 5, '0000-00-00 00:00:00'),
(27, 0, 20, 2, '0000-00-00 00:00:00'),
(28, 0, 2, 3, '0000-00-00 00:00:00'),
(29, 0, 18, 5, '0000-00-00 00:00:00'),
(30, 0, 20, 2, '0000-00-00 00:00:00'),
(31, 0, 2, 3, '0000-00-00 00:00:00'),
(32, 0, 18, 5, '0000-00-00 00:00:00'),
(33, 0, 20, 2, '0000-00-00 00:00:00'),
(34, 0, 3, 5, '0000-00-00 00:00:00'),
(35, 0, 4, 2, '0000-00-00 00:00:00'),
(36, 0, 5, 3, '0000-00-00 00:00:00'),
(37, 0, 6, 4, '0000-00-00 00:00:00'),
(38, 0, 7, 5, '0000-00-00 00:00:00'),
(39, 0, 8, 4, '0000-00-00 00:00:00'),
(40, 0, 9, 3, '0000-00-00 00:00:00'),
(41, 0, 16, 6, '0000-00-00 00:00:00'),
(42, 0, 20, 4, '0000-00-00 00:00:00'),
(43, 0, 21, 3, '0000-00-00 00:00:00'),
(44, 0, 993, 29, '0000-00-00 00:00:00'),
(45, 0, 6, 3, '0000-00-00 00:00:00'),
(46, 0, 9, 2, '0000-00-00 00:00:00'),
(47, 0, 10, 2, '0000-00-00 00:00:00'),
(48, 0, 6, 1, '0000-00-00 00:00:00'),
(49, 0, 7, 1, '0000-00-00 00:00:00'),
(50, 0, 9, 5, '0000-00-00 00:00:00'),
(51, 0, 15, 5, '0000-00-00 00:00:00'),
(52, 0, 4, 1, '0000-00-00 00:00:00'),
(53, 0, 8, 2, '0000-00-00 00:00:00'),
(54, 0, 5, 1, '0000-00-00 00:00:00'),
(55, 0, 6, 1, '0000-00-00 00:00:00'),
(56, 0, 1001, 10, '0000-00-00 00:00:00'),
(57, 0, 1002, 10, '0000-00-00 00:00:00'),
(58, 0, 1003, 1, '0000-00-00 00:00:00'),
(59, 0, 1004, 1, '0000-00-00 00:00:00'),
(60, 0, 1005, 1, '0000-00-00 00:00:00'),
(61, 0, 1006, 2, '0000-00-00 00:00:00');

-- --------------------------------------------------------

--
-- Table structure for table `pelanggan`
--

CREATE TABLE `pelanggan` (
  `id_user` int(11) NOT NULL,
  `nama_pelanggan` varchar(100) DEFAULT NULL
) ENGINE=InnoDB DEFAULT CHARSET=latin1;

--
-- Dumping data for table `pelanggan`
--

INSERT INTO `pelanggan` (`id_user`, `nama_pelanggan`) VALUES
(0, 'anonymous'),
(1, NULL),
(2, NULL);

-- --------------------------------------------------------

--
-- Table structure for table `pembelian`
--

CREATE TABLE `pembelian` (
  `id_pembelian` int(11) NOT NULL,
  `id_barang` int(11) NOT NULL,
  `id_produsen` int(11) NOT NULL,
  `jumlah_barang` int(11) NOT NULL,
  `total_harga` double NOT NULL,
  `created` datetime NOT NULL,
  `updated` datetime NOT NULL
) ENGINE=InnoDB DEFAULT CHARSET=latin1;

--
-- Triggers `pembelian`
--
DELIMITER $$
CREATE TRIGGER `before_delete_pembelian` BEFORE DELETE ON `pembelian` FOR EACH ROW BEGIN
    UPDATE barang SET stok_barang = stok_barang - old.jumlah_barang WHERE id_barang = old.id_barang;
  END
$$
DELIMITER ;
DELIMITER $$
CREATE TRIGGER `before_insert_pembelian` BEFORE INSERT ON `pembelian` FOR EACH ROW BEGIN
    INSERT INTO log_pembelian SET id_pembelian = NEW.id_pembelian, id_barang = new.id_barang, jumlah_barang = new.jumlah_barang;
    UPDATE barang SET stok_barang = stok_barang + new.jumlah_barang WHERE id_barang = new.id_barang;
  END
$$
DELIMITER ;

-- --------------------------------------------------------

--
-- Table structure for table `penjualan`
--

CREATE TABLE `penjualan` (
  `id_penjualan` int(11) NOT NULL,
  `id_transaksi_penjualan` int(11) NOT NULL,
  `id_barang` int(11) NOT NULL,
  `jumlah_barang` int(11) NOT NULL,
  `jumlah_harga` double NOT NULL,
  `created` datetime NOT NULL,
  `updated` datetime NOT NULL
) ENGINE=InnoDB DEFAULT CHARSET=latin1;

--
-- Dumping data for table `penjualan`
--

INSERT INTO `penjualan` (`id_penjualan`, `id_transaksi_penjualan`, `id_barang`, `jumlah_barang`, `jumlah_harga`, `created`, `updated`) VALUES
(1, 1, 5, 3, 11094, '2018-03-09 21:28:15', '0000-00-00 00:00:00'),
(2, 1, 6, 5, 9325, '2018-03-09 21:28:15', '0000-00-00 00:00:00'),
(3, 2, 4, 3, 13746, '2018-03-09 21:35:54', '0000-00-00 00:00:00'),
(4, 2, 57, 5, 5665, '2018-03-09 21:35:54', '0000-00-00 00:00:00'),
(5, 2, 946, 2, 9462, '2018-03-09 21:35:54', '0000-00-00 00:00:00'),
(6, 2, 949, 3, 11001, '2018-03-09 21:35:54', '0000-00-00 00:00:00'),
(7, 3, 1, 5, 20890, '2018-03-09 21:37:47', '0000-00-00 00:00:00'),
(8, 3, 3, 3, 9369, '2018-03-09 21:37:47', '0000-00-00 00:00:00'),
(9, 3, 6, 2, 3730, '2018-03-09 21:37:47', '0000-00-00 00:00:00'),
(10, 4, 2, 3, 9282, '2018-03-09 21:49:24', '0000-00-00 00:00:00'),
(11, 4, 18, 5, 21555, '2018-03-09 21:49:24', '0000-00-00 00:00:00'),
(12, 4, 20, 2, 4446, '2018-03-09 21:49:24', '0000-00-00 00:00:00'),
(13, 5, 2, 3, 9282, '2018-03-09 21:50:57', '0000-00-00 00:00:00'),
(14, 5, 18, 5, 21555, '2018-03-09 21:50:57', '0000-00-00 00:00:00'),
(15, 5, 20, 2, 4446, '2018-03-09 21:50:57', '0000-00-00 00:00:00'),
(16, 6, 2, 3, 9282, '2018-03-09 21:51:09', '0000-00-00 00:00:00'),
(17, 6, 18, 5, 21555, '2018-03-09 21:51:10', '0000-00-00 00:00:00'),
(18, 6, 20, 2, 4446, '2018-03-09 21:51:10', '0000-00-00 00:00:00'),
(19, 7, 2, 3, 9282, '2018-03-09 21:51:14', '0000-00-00 00:00:00'),
(20, 7, 18, 5, 21555, '2018-03-09 21:51:14', '0000-00-00 00:00:00'),
(21, 7, 20, 2, 4446, '2018-03-09 21:51:14', '0000-00-00 00:00:00'),
(22, 8, 2, 3, 9282, '2018-03-09 21:52:00', '0000-00-00 00:00:00'),
(23, 8, 18, 5, 21555, '2018-03-09 21:52:01', '0000-00-00 00:00:00'),
(24, 8, 20, 2, 4446, '2018-03-09 21:52:01', '0000-00-00 00:00:00'),
(25, 9, 2, 3, 9282, '2018-03-09 21:52:23', '0000-00-00 00:00:00'),
(26, 9, 18, 5, 21555, '2018-03-09 21:52:23', '0000-00-00 00:00:00'),
(27, 9, 20, 2, 4446, '2018-03-09 21:52:23', '0000-00-00 00:00:00'),
(28, 10, 2, 3, 9282, '2018-03-09 21:52:26', '0000-00-00 00:00:00'),
(29, 10, 18, 5, 21555, '2018-03-09 21:52:26', '0000-00-00 00:00:00'),
(30, 10, 20, 2, 4446, '2018-03-09 21:52:26', '0000-00-00 00:00:00'),
(31, 11, 2, 3, 9282, '2018-03-09 21:52:47', '0000-00-00 00:00:00'),
(32, 11, 18, 5, 21555, '2018-03-09 21:52:47', '0000-00-00 00:00:00'),
(33, 11, 20, 2, 4446, '2018-03-09 21:52:47', '0000-00-00 00:00:00'),
(34, 12, 3, 5, 15615, '2018-03-09 22:02:56', '0000-00-00 00:00:00'),
(35, 12, 4, 2, 9164, '2018-03-09 22:02:56', '0000-00-00 00:00:00'),
(36, 12, 5, 3, 11094, '2018-03-09 22:02:57', '0000-00-00 00:00:00'),
(37, 12, 6, 4, 7460, '2018-03-09 22:02:57', '0000-00-00 00:00:00'),
(38, 12, 7, 5, 9610, '2018-03-09 22:02:57', '0000-00-00 00:00:00'),
(39, 13, 8, 4, 5880, '2018-03-10 06:30:06', '0000-00-00 00:00:00'),
(40, 13, 9, 3, 13341, '2018-03-10 06:30:06', '0000-00-00 00:00:00'),
(41, 14, 16, 6, 15054, '2018-03-10 08:21:01', '0000-00-00 00:00:00'),
(42, 14, 20, 4, 8892, '2018-03-10 08:21:01', '0000-00-00 00:00:00'),
(43, 14, 21, 3, 3405, '2018-03-10 08:21:01', '0000-00-00 00:00:00'),
(44, 14, 993, 29, 87116, '2018-03-10 08:21:01', '0000-00-00 00:00:00'),
(45, 15, 6, 3, 5595, '2018-03-10 08:49:51', '0000-00-00 00:00:00'),
(46, 16, 9, 2, 8894, '2018-03-10 08:50:06', '0000-00-00 00:00:00'),
(47, 16, 10, 2, 9500, '2018-03-10 08:50:06', '0000-00-00 00:00:00'),
(48, 17, 6, 1, 1865, '2018-03-10 08:50:21', '0000-00-00 00:00:00'),
(49, 17, 7, 1, 1922, '2018-03-10 08:50:21', '0000-00-00 00:00:00'),
(50, 18, 9, 5, 22235, '2018-03-10 08:50:33', '0000-00-00 00:00:00'),
(51, 18, 15, 5, 16650, '2018-03-10 08:50:33', '0000-00-00 00:00:00'),
(52, 19, 4, 1, 4582, '2018-03-10 08:50:44', '0000-00-00 00:00:00'),
(53, 20, 8, 2, 2940, '2018-03-10 08:50:50', '0000-00-00 00:00:00'),
(54, 21, 5, 1, 3698, '2018-03-10 08:50:59', '0000-00-00 00:00:00'),
(55, 22, 6, 1, 1865, '2018-03-10 08:51:11', '0000-00-00 00:00:00'),
(56, 23, 1001, 10, 20000, '2018-03-11 08:56:28', '0000-00-00 00:00:00'),
(57, 23, 1002, 10, 10000, '2018-03-11 08:56:28', '0000-00-00 00:00:00'),
(58, 23, 1003, 1, 2000, '2018-03-11 08:56:28', '0000-00-00 00:00:00'),
(59, 23, 1004, 1, 2000, '2018-03-11 08:56:28', '0000-00-00 00:00:00'),
(60, 23, 1005, 1, 5000, '2018-03-11 08:56:28', '0000-00-00 00:00:00'),
(61, 23, 1006, 2, 5000, '2018-03-11 08:56:28', '0000-00-00 00:00:00');

--
-- Triggers `penjualan`
--
DELIMITER $$
CREATE TRIGGER `before_delete_penjualan` BEFORE DELETE ON `penjualan` FOR EACH ROW BEGIN
    UPDATE barang SET stok_barang = stok_barang + old.jumlah_barang WHERE id_barang = old.id_barang;
  END
$$
DELIMITER ;
DELIMITER $$
CREATE TRIGGER `before_insert_penjualan` BEFORE INSERT ON `penjualan` FOR EACH ROW BEGIN
    INSERT INTO log_penjualan SET id_penjualan = NEW.id_penjualan, id_barang = new.id_barang, jumlah_barang = new.jumlah_barang;
    UPDATE barang SET stok_barang = stok_barang - new.jumlah_barang WHERE id_barang = new.id_barang;
  END
$$
DELIMITER ;

-- --------------------------------------------------------

--
-- Table structure for table `produsen`
--

CREATE TABLE `produsen` (
  `id_produsen` int(11) NOT NULL,
  `nama_produsen` varchar(100) NOT NULL,
  `created` datetime NOT NULL,
  `updated` datetime NOT NULL
) ENGINE=InnoDB DEFAULT CHARSET=latin1;

--
-- Dumping data for table `produsen`
--

INSERT INTO `produsen` (`id_produsen`, `nama_produsen`, `created`, `updated`) VALUES
(1, 'Produsen maju', '2018-03-10 12:06:54', '0000-00-00 00:00:00'),
(2, 'Produsen kurang maju', '2018-03-10 13:18:09', '0000-00-00 00:00:00'),
(3, 'PT. Food', '2018-03-11 07:37:54', '0000-00-00 00:00:00');

-- --------------------------------------------------------

--
-- Table structure for table `transaksi_penjualan`
--

CREATE TABLE `transaksi_penjualan` (
  `id_transaksi_penjualan` int(11) NOT NULL,
  `id_user` int(11) NOT NULL,
  `total_barang` int(11) NOT NULL,
  `total_harga` double NOT NULL,
  `created` datetime NOT NULL,
  `updated` datetime NOT NULL
) ENGINE=InnoDB DEFAULT CHARSET=latin1;

--
-- Dumping data for table `transaksi_penjualan`
--

INSERT INTO `transaksi_penjualan` (`id_transaksi_penjualan`, `id_user`, `total_barang`, `total_harga`, `created`, `updated`) VALUES
(1, 0, 8, 20419, '2018-03-09 21:28:15', '0000-00-00 00:00:00'),
(2, 0, 13, 39874, '2018-03-09 21:35:54', '0000-00-00 00:00:00'),
(3, 0, 10, 33989, '2018-03-09 21:37:47', '0000-00-00 00:00:00'),
(4, 0, 10, 35283, '2018-03-09 21:49:24', '0000-00-00 00:00:00'),
(5, 0, 10, 35283, '2018-03-09 21:50:57', '0000-00-00 00:00:00'),
(6, 0, 10, 35283, '2018-03-09 21:51:09', '0000-00-00 00:00:00'),
(7, 0, 10, 35283, '2018-03-09 21:51:13', '0000-00-00 00:00:00'),
(8, 0, 10, 35283, '2018-03-09 21:52:00', '0000-00-00 00:00:00'),
(9, 0, 10, 35283, '2018-03-09 21:52:23', '0000-00-00 00:00:00'),
(10, 0, 10, 35283, '2018-03-09 21:52:26', '0000-00-00 00:00:00'),
(11, 0, 10, 35283, '2018-03-09 21:52:47', '0000-00-00 00:00:00'),
(12, 2, 19, 52943, '2018-03-09 22:02:56', '0000-00-00 00:00:00'),
(13, 2, 7, 19221, '2018-03-10 06:30:06', '0000-00-00 00:00:00'),
(14, 2, 42, 114467, '2018-03-10 08:21:01', '0000-00-00 00:00:00'),
(15, 2, 3, 5595, '2018-03-10 08:49:51', '0000-00-00 00:00:00'),
(16, 2, 4, 18394, '2018-03-10 08:50:06', '0000-00-00 00:00:00'),
(17, 2, 2, 3787, '2018-03-10 08:50:21', '0000-00-00 00:00:00'),
(18, 2, 10, 38885, '2018-03-10 08:50:33', '0000-00-00 00:00:00'),
(19, 2, 1, 4582, '2018-03-10 08:50:44', '0000-00-00 00:00:00'),
(20, 2, 2, 2940, '2018-03-10 08:50:50', '0000-00-00 00:00:00'),
(21, 2, 1, 3698, '2018-03-10 08:50:58', '0000-00-00 00:00:00'),
(22, 2, 1, 1865, '2018-03-10 08:51:11', '0000-00-00 00:00:00'),
(23, 2, 25, 44000, '2018-03-11 08:56:28', '0000-00-00 00:00:00');

-- --------------------------------------------------------

--
-- Table structure for table `user`
--

CREATE TABLE `user` (
  `id_user` int(11) NOT NULL,
  `username` varchar(100) NOT NULL,
  `password` varchar(100) NOT NULL,
  `cookie` varchar(100) DEFAULT NULL,
  `is_admin` enum('1','0') NOT NULL,
  `created` datetime NOT NULL,
  `updated` datetime NOT NULL
) ENGINE=InnoDB DEFAULT CHARSET=latin1;

--
-- Dumping data for table `user`
--

INSERT INTO `user` (`id_user`, `username`, `password`, `cookie`, `is_admin`, `created`, `updated`) VALUES
(1, 'admin', '$2y$10$tplstsTv8SYhN9xTsH5YOe19jF8BNcdHhMYEswgYlp.BgOEuFgf7y', '1Hw3pTk9FdYiMPNy8gZJDA0kXGwcmqsA48KISCM3tWEWb0DynYV2s1XfCLaeabRz', '1', '2018-03-04 13:36:33', '0000-00-00 00:00:00'),
(2, 'user', '$2y$10$jUnncavC73WrpB5PLVOazuC3iti9Tt3mMpLAAdn9QSS9AKTbkg3WK', 'zu2Idx54HVcKdhil8JX6VeEGjolAO0GtxaW2igb7pCnsP1R79uODpyYTfF6LPJMB', '0', '2018-03-04 16:39:10', '0000-00-00 00:00:00');

--
-- Triggers `user`
--
DELIMITER $$
CREATE TRIGGER `before_insert_user` BEFORE INSERT ON `user` FOR EACH ROW BEGIN
    INSERT INTO pelanggan SET id_user = NEW.id_user;
  END
$$
DELIMITER ;

--
-- Indexes for dumped tables
--

--
-- Indexes for table `barang`
--
ALTER TABLE `barang`
  ADD PRIMARY KEY (`id_barang`);

--
-- Indexes for table `log_pembelian`
--
ALTER TABLE `log_pembelian`
  ADD PRIMARY KEY (`id_log_pembelian`);

--
-- Indexes for table `log_penjualan`
--
ALTER TABLE `log_penjualan`
  ADD PRIMARY KEY (`id_log_penjualan`);

--
-- Indexes for table `pelanggan`
--
ALTER TABLE `pelanggan`
  ADD PRIMARY KEY (`id_user`);

--
-- Indexes for table `pembelian`
--
ALTER TABLE `pembelian`
  ADD PRIMARY KEY (`id_pembelian`);

--
-- Indexes for table `penjualan`
--
ALTER TABLE `penjualan`
  ADD PRIMARY KEY (`id_penjualan`);

--
-- Indexes for table `produsen`
--
ALTER TABLE `produsen`
  ADD PRIMARY KEY (`id_produsen`);

--
-- Indexes for table `transaksi_penjualan`
--
ALTER TABLE `transaksi_penjualan`
  ADD PRIMARY KEY (`id_transaksi_penjualan`);

--
-- Indexes for table `user`
--
ALTER TABLE `user`
  ADD PRIMARY KEY (`id_user`);

--
-- AUTO_INCREMENT for dumped tables
--

--
-- AUTO_INCREMENT for table `barang`
--
ALTER TABLE `barang`
  MODIFY `id_barang` int(11) NOT NULL AUTO_INCREMENT, AUTO_INCREMENT=1008;

--
-- AUTO_INCREMENT for table `log_pembelian`
--
ALTER TABLE `log_pembelian`
  MODIFY `id_log_pembelian` int(11) NOT NULL AUTO_INCREMENT;

--
-- AUTO_INCREMENT for table `log_penjualan`
--
ALTER TABLE `log_penjualan`
  MODIFY `id_log_penjualan` int(11) NOT NULL AUTO_INCREMENT, AUTO_INCREMENT=62;

--
-- AUTO_INCREMENT for table `pelanggan`
--
ALTER TABLE `pelanggan`
  MODIFY `id_user` int(11) NOT NULL AUTO_INCREMENT, AUTO_INCREMENT=3;

--
-- AUTO_INCREMENT for table `pembelian`
--
ALTER TABLE `pembelian`
  MODIFY `id_pembelian` int(11) NOT NULL AUTO_INCREMENT;

--
-- AUTO_INCREMENT for table `penjualan`
--
ALTER TABLE `penjualan`
  MODIFY `id_penjualan` int(11) NOT NULL AUTO_INCREMENT, AUTO_INCREMENT=62;

--
-- AUTO_INCREMENT for table `produsen`
--
ALTER TABLE `produsen`
  MODIFY `id_produsen` int(11) NOT NULL AUTO_INCREMENT, AUTO_INCREMENT=4;

--
-- AUTO_INCREMENT for table `transaksi_penjualan`
--
ALTER TABLE `transaksi_penjualan`
  MODIFY `id_transaksi_penjualan` int(11) NOT NULL AUTO_INCREMENT, AUTO_INCREMENT=24;

--
-- AUTO_INCREMENT for table `user`
--
ALTER TABLE `user`
  MODIFY `id_user` int(11) NOT NULL AUTO_INCREMENT, AUTO_INCREMENT=3;
COMMIT;

/*!40101 SET CHARACTER_SET_CLIENT=@OLD_CHARACTER_SET_CLIENT */;
/*!40101 SET CHARACTER_SET_RESULTS=@OLD_CHARACTER_SET_RESULTS */;
/*!40101 SET COLLATION_CONNECTION=@OLD_COLLATION_CONNECTION */;
